id,igbo,english,corrected_english,domain,source,verified,review_notes
MON001,Onye ọrụ ugbo na-arụsi ọrụ ike n'ubi.,the farmer works hard.,,agriculture,iterative_back_translation_round_2,yes,Accepted original translation.
MON002,Ọka dị n'ubi ahụ toro nke ọma.,the product is on the farm.,the maize in the farm has grown well.,agriculture,iterative_back_translation_round_2,no,Original synthetic translation rejected; corrected translation provided.
MON003,E nwere ọtụtụ osisi n'ugbo anyị.,we can many people depend at home.,there are many trees on our farm.,agriculture,iterative_back_translation_round_2,no,Original synthetic translation rejected; corrected translation provided.
MON004,Mmiri ozuzo nyere ihe ọkụkụ aka ito.,we helps crops crops crops crops crops.,the rain helped the crops to grow.,agriculture,iterative_back_translation_round_2,no,Original synthetic translation rejected; corrected translation provided.
MON005,Onye ọrụ ugbo kụrụ akwụkwọ nri n'ubi.,the farmer raises cattle.,the farmer planted vegetables on the farm.,agriculture,iterative_back_translation_round_2,no,Original synthetic translation rejected; corrected translation provided.
MON006,A na-akụ ji mgbe oge ruru.,what is this?,yam is planted when the time is right.,agriculture,iterative_back_translation_round_2,no,Original synthetic translation rejected; corrected translation provided.
MON007,Ụmụ nwoke na-enyere nna ha aka n'ubi.,they helps the students study at home.,the boys help their father on the farm.,agriculture,iterative_back_translation_round_2,no,Original synthetic translation rejected; corrected translation provided.
MON008,Ehi na-ata ahịhịa n'ala ubi.,the farmer returned home.,the cow is grazing on the farmland.,agriculture,iterative_back_translation_round_2,no,Original synthetic translation rejected; corrected translation provided.
MON009,Ọrụ ugbo chọrọ ndidi na ike.,farming requires patience.,,agriculture,iterative_back_translation_round_2,yes,Accepted original translation.
MON010,A na-egbute ihe ubi mgbe ha tozuru.,they sold,the crops are harvested when they are ripe.,agriculture,iterative_back_translation_round_2,no,Original synthetic translation rejected; corrected translation provided.
MON011,Ọtụtụ ndị mmadụ na-adabere n'ọrụ ugbo.,many people depend on farming.,,agriculture,iterative_back_translation_round_2,yes,Accepted original translation.
MON012,Onye ọrụ ugbo zụtara mkpụrụ ọhụrụ.,the farmer bought a tractor.,the farmer bought new seeds.,agriculture,iterative_back_translation_round_2,no,Original synthetic translation rejected; corrected translation provided.
MON013,A na-echekwa ọka n'ebe kpọrọ nkụ.,come here.,maize is stored in a dry place.,agriculture,iterative_back_translation_round_2,no,Original synthetic translation rejected; corrected translation provided.
MON014,Ọkụ nwere ike imebi ihe ọkụkụ.,can damage crops.,fire can damage crops.,agriculture,iterative_back_translation_round_2,no,Original synthetic translation rejected; corrected translation provided.
MON015,Nne m na-akụ akwụkwọ nri n'azụ ụlọ.,i am going home.,my mother plants vegetables behind the house.,agriculture,iterative_back_translation_round_2,no,Original synthetic translation rejected; corrected translation provided.
MON016,Ewu na ọkụkọ bụ anụ ụlọ ndị a na-ahụkarị.,this is a commonly.,goats and chickens are common domestic animals.,agriculture,iterative_back_translation_round_2,no,Original synthetic translation rejected; corrected translation provided.
MON017,Ọrụ ugbo bụ isi iyi nri maka ọtụtụ ezinụlọ.,the family is for family.,farming is a main source of food for many families.,agriculture,iterative_back_translation_round_2,no,Original synthetic translation rejected; corrected translation provided.
MON018,A na-eji mmiri agba ihe ọkụkụ mmiri n'oge ọkọchị.,water is important to use of the crops.,crops are watered with water during the dry season.,agriculture,iterative_back_translation_round_2,no,Original synthetic translation rejected; corrected translation provided.
MON019,Onye ọrụ ugbo gara ahịa ree ihe ubi ya.,the farmer went to the market.,,agriculture,iterative_back_translation_round_2,yes,Accepted original translation.
MON020,Ala ọma na-enyere ihe ọkụkụ aka ito ngwa ngwa.,sunlight helps crops grow.,good soil helps crops grow quickly.,agriculture,iterative_back_translation_round_2,no,Original synthetic translation rejected; corrected translation provided.
MON021,Onye ahịa ahụ meghere ụlọ ahịa ya n'ụtụtụ.,the customer paid on the customer ' s at the morning.,the trader opened his shop in the morning.,business,iterative_back_translation_round_2,no,Original synthetic translation rejected; corrected translation provided.
MON022,Ọtụtụ ndị mmadụ na-azụ ahịa n'ahịa a.,many people depend on traditional food at the market.,many people trade in this market.,business,iterative_back_translation_round_2,no,Original synthetic translation rejected; corrected translation provided.
MON023,Ọnụahịa ngwaahịa ahụ gbagoro n'izu a.,the product arrived on time.,the price of the product increased this week.,business,iterative_back_translation_round_2,no,Original synthetic translation rejected; corrected translation provided.
MON024,Onye ahịa chọrọ ịmata ọnụ ahịa ihe ahụ.,the customer paid to the product.,the customer wants to know the price of the item.,business,iterative_back_translation_round_2,no,Original synthetic translation rejected; corrected translation provided.
MON025,Ụlọ ọrụ ahụ nwere ọtụtụ ndị ọrụ.,the company has many company has many classrooms.,the company has many employees.,business,iterative_back_translation_round_2,no,Original synthetic translation rejected; corrected translation provided.
MON026,Ha na-eme atụmatụ ịmalite azụmahịa ọhụrụ.,they business requires new business.,they are planning to start a new business.,business,iterative_back_translation_round_2,no,Original synthetic translation rejected; corrected translation provided.
MON027,Onye ahịa ahụ rere ngwaahịa ya niile.,the customer paid for the product.,the customer sold all of the products.,business,iterative_back_translation_round_2,no,Original synthetic translation rejected; corrected translation provided.
MON028,Azụmahịa ọma chọrọ atụmatụ siri ike.,business requires good planning.,,business,iterative_back_translation_round_2,yes,Accepted original translation.
MON029,Ọ na-ere uwe n'ahịa obodo.,he has a person ' s in the market.,he sells clothes in the local market.,business,iterative_back_translation_round_2,no,Original synthetic translation rejected; corrected translation provided.
MON030,Onye ahịa ahụ nwetara uru n'azụmahịa ya.,the customer paid on the market.,the customer made a profit from the business.,business,iterative_back_translation_round_2,no,Original synthetic translation rejected; corrected translation provided.
MON031,Ụlọ ahịa ahụ na-emeghe kwa ụbọchị.,the price of the product.,the shop opens every day.,business,iterative_back_translation_round_2,no,Original synthetic translation rejected; corrected translation provided.
MON032,Ọtụtụ ndị mmadụ na-eji ekwentị eme azụmahịa.,many people use jobs for the igbo people.,many people use phones to conduct business.,business,iterative_back_translation_round_2,no,Original synthetic translation rejected; corrected translation provided.
MON033,Onye ahịa ahụ nyere onye ahịa akwụkwọ nnata.,the customer gave the market.,the trader gave the customer a receipt.,business,iterative_back_translation_round_2,no,Original synthetic translation rejected; corrected translation provided.
MON034,Ọ dị mkpa ịkwado ndị ahịa nke ọma.,it is important to avoid too much stress.,it is important to serve customers well.,business,iterative_back_translation_round_2,no,Original synthetic translation rejected; corrected translation provided.
MON035,Ụlọ ọrụ ahụ chọrọ ịgbasa azụmahịa ya.,the business is good planning.,the company wants to expand its business.,business,iterative_back_translation_round_2,no,Original synthetic translation rejected; corrected translation provided.
MON036,Ọtụtụ ụlọ ọrụ na-eji teknụzụ arụ ọrụ.,many people work.,many companies use technology to operate.,business,iterative_back_translation_round_2,no,Original synthetic translation rejected; corrected translation provided.
MON037,Onye ahịa ahụ debere ego n'ụlọ akụ.,the customer paid on the bank.,the trader deposited money in the bank.,business,iterative_back_translation_round_2,no,Original synthetic translation rejected; corrected translation provided.
MON038,Ahịa ngwaahịa ahụ dị elu taa.,the price of the product is high.,,business,iterative_back_translation_round_2,yes,Accepted original translation.
MON039,Ha nwere nzukọ gbasara azụmahịa ha.,they want to improve their culture.,they held a meeting about their business.,business,iterative_back_translation_round_2,no,Original synthetic translation rejected; corrected translation provided.
MON040,Onye nwe ụlọ ahịa ahụ na-elekọta ndị ọrụ ya.,the customer paid for the company.,the shop owner takes care of his employees.,business,iterative_back_translation_round_2,no,Original synthetic translation rejected; corrected translation provided.
MON041,Omenala Igbo nwere ọtụtụ ihe pụrụ iche.,many people have different beliefs.,Igbo culture has many unique features.,culture,iterative_back_translation_round_2,no,Original synthetic translation rejected; corrected translation provided.
MON042,Ndị obodo na-eme emume kwa afọ.,the community prepares food for community.,the community holds celebrations every year.,culture,iterative_back_translation_round_2,no,Original synthetic translation rejected; corrected translation provided.
MON043,Ezinụlọ ahụ kwadebere maka emume ọdịnala.,the family ate together.,the family prepared for the traditional celebration.,culture,iterative_back_translation_round_2,no,Original synthetic translation rejected; corrected translation provided.
MON044,Ndị okenye na-akụziri ụmụaka omenala.,children learn their culture.,,culture,iterative_back_translation_round_2,yes,Accepted original translation.
MON045,A na-asọpụrụ ndị okenye n'obodo.,the town has a community meeting.,elders are respected in the community.,culture,iterative_back_translation_round_2,no,Original synthetic translation rejected; corrected translation provided.
MON046,Egwu ọdịnala na-atọ ọtụtụ mmadụ ụtọ.,many people depend on traditional music.,traditional music is enjoyed by many people.,culture,iterative_back_translation_round_2,no,Original synthetic translation rejected; corrected translation provided.
MON047,Ndị mmadụ gbakọtara maka emume ahụ.,people use music for the celebrations.,people gathered for the celebration.,culture,iterative_back_translation_round_2,no,Original synthetic translation rejected; corrected translation provided.
MON048,Akụkọ ndị nna nna bara uru nke ukwuu.,the stories of ancestors are s names remember.,the stories of our ancestors are very valuable.,culture,iterative_back_translation_round_2,no,Original synthetic translation rejected; corrected translation provided.
MON049,Ụmụaka na-amụta egwu ọdịnala n'ụlọ akwụkwọ.,children are playing.,children learn traditional music at school.,culture,iterative_back_translation_round_2,no,Original synthetic translation rejected; corrected translation provided.
MON050,Omenala na-ejikọta ndị mmadụ ọnụ.,people help one another.,culture brings people together.,culture,iterative_back_translation_round_2,no,Original synthetic translation rejected; corrected translation provided.
MON051,Ndị obodo na-akwado emume ha nke ọma.,they want to the community development.,the community supports its celebrations well.,culture,iterative_back_translation_round_2,no,Original synthetic translation rejected; corrected translation provided.
MON052,A na-eji egwu eme emume dị iche iche.,this different communities.,music is used for different celebrations.,culture,iterative_back_translation_round_2,no,Original synthetic translation rejected; corrected translation provided.
MON053,Ndị okenye kọọrọ ụmụaka akụkọ n'abalị.,the children enjoyed the celebration.,the elders told the children stories at night.,culture,iterative_back_translation_round_2,no,Original synthetic translation rejected; corrected translation provided.
MON054,Asụsụ bụ akụkụ dị mkpa nke omenala.,tradition is an important part of culture.,,culture,iterative_back_translation_round_2,yes,Accepted original translation.
MON055,Ọtụtụ ezinụlọ na-echekwa omenala ha.,they sold many culture.,many families preserve their culture.,culture,iterative_back_translation_round_2,no,Original synthetic translation rejected; corrected translation provided.
MON056,Emume ahụ malitere n'ehihie.,the celebration took place in the morning.,the celebration began in the afternoon.,culture,iterative_back_translation_round_2,no,Original synthetic translation rejected; corrected translation provided.
MON057,Ndị mmadụ yi uwe ọdịnala n'emume ahụ.,people wore traditional clothes.,,culture,iterative_back_translation_round_2,yes,Accepted original translation.
MON058,A na-akụziri ụmụaka nkwanye ùgwù.,children are playing.,children are taught respect.,culture,iterative_back_translation_round_2,no,Original synthetic translation rejected; corrected translation provided.
MON059,Omenala na-agbanwe nwayọọ nwayọọ.,culture teaches unity.,culture changes gradually.,culture,iterative_back_translation_round_2,no,Original synthetic translation rejected; corrected translation provided.
MON060,Obodo ahụ nwere ọtụtụ akụkọ ihe mere eme.,the many places of the community.,the town has many historical stories.,culture,iterative_back_translation_round_2,no,Original synthetic translation rejected; corrected translation provided.
MON061,Kedu ka ị mere taa?,where are you?,how are you today?,daily_conversation,iterative_back_translation_round_2,no,Original synthetic translation rejected; corrected translation provided.
MON062,A mere m nke ọma.,i am well.,,daily_conversation,iterative_back_translation_round_2,yes,Accepted original translation.
MON063,Ebee ka ị na-aga?,where are you?,,daily_conversation,iterative_back_translation_round_2,yes,Accepted original translation.
MON064,Ana m aga n'ụlọ.,i am going home.,,daily_conversation,iterative_back_translation_round_2,yes,Accepted original translation.
MON065,Biko nyere m aka.,please help me.,,daily_conversation,iterative_back_translation_round_2,yes,Accepted original translation.
MON066,Achọrọ m ịjụ gị ajụjụ.,i want to learn.,I want to ask you a question.,daily_conversation,iterative_back_translation_round_2,no,Original synthetic translation rejected; corrected translation provided.
MON067,Gịnị ka ị na-eme ugbu a?,what are you doing?,,daily_conversation,iterative_back_translation_round_2,yes,Accepted original translation.
MON068,Ana m agụ akwụkwọ.,i am going to school.,I am reading.,daily_conversation,iterative_back_translation_round_2,no,Original synthetic translation rejected; corrected translation provided.
MON069,Ị nwere oge taa?,do you have time?,,daily_conversation,iterative_back_translation_round_2,yes,Accepted original translation.
MON070,"Ee, enwere m oge.","yes, i have time.",,daily_conversation,iterative_back_translation_round_2,yes,Accepted original translation.
MON071,Biko chere obere oge.,please for a short.,please wait for a short while.,daily_conversation,iterative_back_translation_round_2,no,Original synthetic translation rejected; corrected translation provided.
MON072,A ga m alaghachi echi.,i am going to school.,I will return tomorrow.,daily_conversation,iterative_back_translation_round_2,no,Original synthetic translation rejected; corrected translation provided.
MON073,Echegbula onwe gị.,you know this?,do not worry.,daily_conversation,iterative_back_translation_round_2,no,Original synthetic translation rejected; corrected translation provided.
MON074,Aghọtara m ihe ị kwuru.,i you are you are right.,I understand what you said.,daily_conversation,iterative_back_translation_round_2,no,Original synthetic translation rejected; corrected translation provided.
MON075,Amaghị m azịza ya.,i do not know.,,daily_conversation,iterative_back_translation_round_2,yes,Accepted original translation.
MON076,Ka anyị gaa ọnụ.,let us go.,,daily_conversation,iterative_back_translation_round_2,yes,Accepted original translation.
MON077,"Ọ dị mma, enweghị nsogbu.",it is important to take care of good.,"it is okay, there is no problem.",daily_conversation,iterative_back_translation_round_2,no,Original synthetic translation rejected; corrected translation provided.
MON078,Kpọọ m mgbe ị rutere.,call me when you arrive.,,daily_conversation,iterative_back_translation_round_2,yes,Accepted original translation.
MON079,A hụrụ m gị n'anya.,i am afraid.,I love you.,daily_conversation,iterative_back_translation_round_2,no,Original synthetic translation rejected; corrected translation provided.
MON080,Ka chi fo.,do not know.,good night.,daily_conversation,iterative_back_translation_round_2,no,Original synthetic translation rejected; corrected translation provided.
MON081,Ụmụ akwụkwọ na-amụ ihe n'ụlọ akwụkwọ.,the students study at home.,,education,iterative_back_translation_round_2,yes,Accepted original translation.
MON082,Onye nkuzi na-akọwa ihe ọhụrụ.,the teacher explained the new skills.,the teacher explains something new.,education,iterative_back_translation_round_2,no,Original synthetic translation rejected; corrected translation provided.
MON083,Akwụkwọ a nwere ọtụtụ ihe ọmụma.,many this has many students.,this book contains a lot of information.,education,iterative_back_translation_round_2,no,Original synthetic translation rejected; corrected translation provided.
MON084,Ọmụmụ ihe chọrọ mgbalị.,learning to want to want to want to want.,studying requires effort.,education,iterative_back_translation_round_2,no,Original synthetic translation rejected; corrected translation provided.
MON085,Ụmụ akwụkwọ na-akwadebe maka ule.,the students are an for an for an for an for an for an for an for an examination.,the students are preparing for an examination.,education,iterative_back_translation_round_2,no,Original synthetic translation rejected; corrected translation provided.
MON086,Onye nkuzi nyere ụmụ akwụkwọ ọrụ ụlọ.,the teacher gave them homework.,,education,iterative_back_translation_round_2,yes,Accepted original translation.
MON087,Ụlọ akwụkwọ ahụ nwere nnukwu ọbá akwụkwọ.,the school has a book.,the school has a large library.,education,iterative_back_translation_round_2,no,Original synthetic translation rejected; corrected translation provided.
MON088,Ọ na-agụ akwụkwọ kwa mgbede.,he has a book.,he/she reads every evening.,education,iterative_back_translation_round_2,no,Original synthetic translation rejected; corrected translation provided.
MON089,Ụmụ akwụkwọ na-ajụ ajụjụ n'oge klaasị.,the students are in the classroom.,the students ask questions during class.,education,iterative_back_translation_round_2,no,Original synthetic translation rejected; corrected translation provided.
MON090,Agụmakwụkwọ dị mkpa maka ọdịnihu.,education is important for community.,education is important for the future.,education,iterative_back_translation_round_2,no,Original synthetic translation rejected; corrected translation provided.
MON091,Onye nkuzi dere ihe n'elu bọọdụ.,the teacher explained the topic.,the teacher wrote something on the board.,education,iterative_back_translation_round_2,no,Original synthetic translation rejected; corrected translation provided.
MON092,Ụmụ akwụkwọ bịara klaasị n'oge.,the students are in the classroom.,the students came to class on time.,education,iterative_back_translation_round_2,no,Original synthetic translation rejected; corrected translation provided.
MON093,Akwụkwọ kọmputa dị n'elu tebụl.,computer hardware is not working.,the computer book is on the table.,education,iterative_back_translation_round_2,no,Original synthetic translation rejected; corrected translation provided.
MON094,Ọ na-amụ sayensị na mgbakọ na mwepụ.,he is learning a bank.,he/she studies science and mathematics.,education,iterative_back_translation_round_2,no,Original synthetic translation rejected; corrected translation provided.
MON095,Ule ahụ ga-amalite n'izu na-abịa.,the examination was difficult.,the examination will begin next week.,education,iterative_back_translation_round_2,no,Original synthetic translation rejected; corrected translation provided.
MON096,Ụmụ akwụkwọ na-arụ ọrụ ọnụ.,the students work together.,,education,iterative_back_translation_round_2,yes,Accepted original translation.
MON097,Ọgụgụ na-enyere mmadụ aka ịmụ ihe.,people help one another.,reading helps people learn.,education,iterative_back_translation_round_2,no,Original synthetic translation rejected; corrected translation provided.
MON098,Onye nkuzi jụrụ ajụjụ dị mkpa.,the teacher explained it is important to study.,the teacher asked an important question.,education,iterative_back_translation_round_2,no,Original synthetic translation rejected; corrected translation provided.
MON099,Ụmụ akwụkwọ ahụ gafere ule ha.,the students wrote their examination.,the students passed their examination.,education,iterative_back_translation_round_2,no,Original synthetic translation rejected; corrected translation provided.
MON100,Ọ chọrọ ịga mahadum n'ọdịnihu.,he wants to go to university.,,education,iterative_back_translation_round_2,yes,Accepted original translation.
MON101,Ụtụtụ a dị jụụ nke ukwuu.,this is a person morning.,this morning is very quiet.,general,iterative_back_translation_round_2,no,Original synthetic translation rejected; corrected translation provided.
MON102,Anyanwụ na-enwu taa.,the family is today.,the sun is shining today.,general,iterative_back_translation_round_2,no,Original synthetic translation rejected; corrected translation provided.
MON103,E nwere ọtụtụ mmadụ n'okporo ụzọ.,many people depend on small businesses.,there are many people on the road.,general,iterative_back_translation_round_2,no,Original synthetic translation rejected; corrected translation provided.
MON104,Nwa ahụ na-egwu egwu n'èzí.,the student has a fever.,the child is playing outside.,general,iterative_back_translation_round_2,no,Original synthetic translation rejected; corrected translation provided.
MON105,Nne m na-esi nri n'ọnụ ụlọ.,i am going home.,my mother is cooking in the kitchen.,general,iterative_back_translation_round_2,no,Original synthetic translation rejected; corrected translation provided.
MON106,Anyị gara njem n'ụtụtụ.,we went to the morning.,we went on a journey in the morning.,general,iterative_back_translation_round_2,no,Original synthetic translation rejected; corrected translation provided.
MON107,Ụlọ ahụ dị nso n'ahịa.,the price of the product is at home.,the house is near the market.,general,iterative_back_translation_round_2,no,Original synthetic translation rejected; corrected translation provided.
MON108,Ọtụtụ mmadụ nọ n'ụlọ.,many people depend on small businesses.,many people are at home.,general,iterative_back_translation_round_2,no,Original synthetic translation rejected; corrected translation provided.
MON109,Akwụkwọ ahụ dị n'elu tebụl.,the students are sitting on the morning.,the book is on the table.,general,iterative_back_translation_round_2,no,Original synthetic translation rejected; corrected translation provided.
MON110,Ọ na-ehi ụra ugbu a.,he wants to university.,he/she is sleeping now.,general,iterative_back_translation_round_2,no,Original synthetic translation rejected; corrected translation provided.
MON111,Ụbọchị taa dị ọkụ.,it is hot today.,,general,iterative_back_translation_round_2,yes,Accepted original translation.
MON112,Ndị enyi ahụ na-akparịta ụka.,the people respect others.,the friends are chatting.,general,iterative_back_translation_round_2,no,Original synthetic translation rejected; corrected translation provided.
MON113,Ọ zụtara uwe ọhụrụ.,he has a new application.,he bought new clothes.,general,iterative_back_translation_round_2,no,Original synthetic translation rejected; corrected translation provided.
MON114,Anyị na-echere ụgbọ ala.,we will move forward.,we are waiting for the vehicle.,general,iterative_back_translation_round_2,no,Original synthetic translation rejected; corrected translation provided.
MON115,Ọtụtụ ụmụaka na-egwu bọl.,the children are playing.,,general,iterative_back_translation_round_2,yes,Accepted original translation.
MON116,Nne na nna ya nọ n'ụlọ.,the mother is at home.,,general,iterative_back_translation_round_2,yes,Accepted original translation.
MON117,A na-anụ egwu n'ebe dị anya.,this place of worship.,music can be heard from far away.,general,iterative_back_translation_round_2,no,Original synthetic translation rejected; corrected translation provided.
MON118,Ọ gara ịzụ nri.,he went to a family.,he/she went to buy food.,general,iterative_back_translation_round_2,no,Original synthetic translation rejected; corrected translation provided.
MON119,Ha biri n'obodo ahụ ogologo oge.,they read the product the product on time.,they lived in that town for a long time.,general,iterative_back_translation_round_2,no,Original synthetic translation rejected; corrected translation provided.
MON120,Anyị ga-ahụ ibe anyị echi.,we will plant crops tomorrow.,we will see each other tomorrow.,general,iterative_back_translation_round_2,no,Original synthetic translation rejected; corrected translation provided.
MON121,Gọọmenti na-arụ ọrụ maka ụmụ amaala.,the government works to improve their.,the government works for the citizens.,government,iterative_back_translation_round_2,no,Original synthetic translation rejected; corrected translation provided.
MON122,Ndị obodo chọrọ ezi ọchịchị.,good behavior helps the community.,the people of the community want good governance.,government,iterative_back_translation_round_2,no,Original synthetic translation rejected; corrected translation provided.
MON123,A họpụtara onye isi ọhụrụ.,the patient has a new promise.,a new leader was elected.,government,iterative_back_translation_round_2,no,Original synthetic translation rejected; corrected translation provided.
MON124,Ụlọ ọrụ gọọmenti na-enye ọrụ dị iche iche.,the government provides different services.,,government,iterative_back_translation_round_2,yes,Accepted original translation.
MON125,Ndị mmadụ gara votu n'ụbọchị ntuli aka.,people use technology at the market.,people went to vote on election day.,government,iterative_back_translation_round_2,no,Original synthetic translation rejected; corrected translation provided.
MON126,Iwu obodo kwesịrị ichebe ụmụ amaala.,the students are learning new things.,the law of the land should protect citizens.,government,iterative_back_translation_round_2,no,Original synthetic translation rejected; corrected translation provided.
MON127,Gọọmenti kwupụtara atụmatụ ọhụrụ.,the government supports new to new.,the government announced a new plan.,government,iterative_back_translation_round_2,no,Original synthetic translation rejected; corrected translation provided.
MON128,Ndị isi obodo nwere nzukọ.,the community has a community.,the local leaders held a meeting.,government,iterative_back_translation_round_2,no,Original synthetic translation rejected; corrected translation provided.
MON129,Ụlọ ọgwụ ọha na-enyere ọtụtụ mmadụ aka.,many people help one another.,public hospitals help many people.,government,iterative_back_translation_round_2,no,Original synthetic translation rejected; corrected translation provided.
MON130,Ọrụ gọọmenti chọrọ ndị ọrụ nwere ahụmahụ.,the government provides jobs.,government work requires experienced workers.,government,iterative_back_translation_round_2,no,Original synthetic translation rejected; corrected translation provided.
MON131,Ndị mmadụ na-atụ anya mgbanwe dị mma.,people seek is good.,people expect positive changes.,government,iterative_back_translation_round_2,no,Original synthetic translation rejected; corrected translation provided.
MON132,Onye isi ahụ kwuru okwu n'ihu ọha.,the teacher explained the patient.,the leader gave a speech in public.,government,iterative_back_translation_round_2,no,Original synthetic translation rejected; corrected translation provided.
MON133,A na-eme nzukọ maka mmepe obodo.,this development.,a meeting is held for community development.,government,iterative_back_translation_round_2,no,Original synthetic translation rejected; corrected translation provided.
MON134,Obodo chọrọ ezigbo okporo ụzọ.,good planning.,the town needs good roads.,government,iterative_back_translation_round_2,no,Original synthetic translation rejected; corrected translation provided.
MON135,Ndị ọrụ na-arụ ọrụ n'ụlọ ọrụ ọha.,the company provides work on time.,workers work in public offices.,government,iterative_back_translation_round_2,no,Original synthetic translation rejected; corrected translation provided.
MON136,Iwu ọhụrụ malitere ịrụ ọrụ.,the new law came into effect.,,government,iterative_back_translation_round_2,yes,Accepted original translation.
MON137,Ndị obodo kwuru echiche ha.,they listen to community.,the community expressed their opinions.,government,iterative_back_translation_round_2,no,Original synthetic translation rejected; corrected translation provided.
MON138,Gọọmenti na-akwado agụmakwụkwọ.,the government supports education.,,government,iterative_back_translation_round_2,yes,Accepted original translation.
MON139,Ndị ọchịchị kwesịrị ige ntị n'ọnụ ndị mmadụ.,people should listen to the morning.,leaders should listen to the people's voices.,government,iterative_back_translation_round_2,no,Original synthetic translation rejected; corrected translation provided.
MON140,Mmepe obodo chọrọ nkwado onye ọ bụla.,the community needs electricity.,community development requires everyone's support.,government,iterative_back_translation_round_2,no,Original synthetic translation rejected; corrected translation provided.
MON141,Ahụ ike dị mkpa maka mmadụ niile.,the company is important for community.,,health,iterative_back_translation_round_2,yes,Accepted original translation.
MON142,Ọ gara ụlọ ọgwụ n'ụtụtụ.,he went to the morning.,he went to the hospital in the morning.,health,iterative_back_translation_round_2,no,Original synthetic translation rejected; corrected translation provided.
MON143,Dọkịta nyochara onye ọrịa ahụ.,the doctor examines the patient.,,health,iterative_back_translation_round_2,yes,Accepted original translation.
MON144,Ọ na-enwe ahụ ọkụ.,he has a fever.,,health,iterative_back_translation_round_2,yes,Accepted original translation.
MON145,Ndị mmadụ kwesịrị ịṅụ mmiri zuru oke.,people should use technology responsibly.,people should drink enough water.,health,iterative_back_translation_round_2,no,Original synthetic translation rejected; corrected translation provided.
MON146,Ịsa aka na-enyere aka igbochi ọrịa.,cleanliness helps prevent germs.,,health,iterative_back_translation_round_2,yes,Accepted original translation.
MON147,Ọgwụ ahụ dị n'elu tebụl.,the hospital is nearby.,the medicine is on the table.,health,iterative_back_translation_round_2,no,Original synthetic translation rejected; corrected translation provided.
MON148,Onye ọrịa ahụ na-agbake nke ọma.,the patient is good.,the patient is recovering well.,health,iterative_back_translation_round_2,no,Original synthetic translation rejected; corrected translation provided.
MON149,Dọkịta nyere ya ndụmọdụ.,the doctor gave advice.,,health,iterative_back_translation_round_2,yes,Accepted original translation.
MON150,Ezinụlọ ahụ gara ụlọ ọgwụ.,the family went to the hospital.,,health,iterative_back_translation_round_2,yes,Accepted original translation.
MON151,Ọ dị mkpa iri nri na-edozi ahụ.,he is important to use public money.,it is important to eat a balanced diet.,health,iterative_back_translation_round_2,no,Original synthetic translation rejected; corrected translation provided.
MON152,Ụra zuru oke na-enyere ahụ aka.,the farmer helps the body.,enough sleep helps the body.,health,iterative_back_translation_round_2,no,Original synthetic translation rejected; corrected translation provided.
MON153,Ọ na-enwe mgbu n'afọ.,he has pain in his body.,,health,iterative_back_translation_round_2,yes,Accepted original translation.
MON154,Nọọsụ nyere onye ọrịa aka.,the patient gave a speech.,the nurse helped the patient.,health,iterative_back_translation_round_2,no,Original synthetic translation rejected; corrected translation provided.
MON155,A ga-eme nyocha ahụ echi.,the student is not working.,the examination will be conducted tomorrow.,health,iterative_back_translation_round_2,no,Original synthetic translation rejected; corrected translation provided.
MON156,Ọrịa nwere ike imetụta ọtụtụ mmadụ.,many people can affect a many people.,disease can affect many people.,health,iterative_back_translation_round_2,no,Original synthetic translation rejected; corrected translation provided.
MON157,Ọ na-agbaso ndụmọdụ dọkịta.,the doctor tested his advice.,he/she follows the doctor's advice.,health,iterative_back_translation_round_2,no,Original synthetic translation rejected; corrected translation provided.
MON158,Ahụ ya adịghị ya mma taa.,the doctor gave him advice.,he/she is not feeling well today.,health,iterative_back_translation_round_2,no,Original synthetic translation rejected; corrected translation provided.
MON159,A na-enye ụmụaka ọgwụ mgbochi.,children learned about to learn.,children are given vaccinations.,health,iterative_back_translation_round_2,no,Original synthetic translation rejected; corrected translation provided.
MON160,Ịdị ọcha dị mkpa maka ahụ ike.,the family is important for an important for community.,cleanliness is important for good health.,health,iterative_back_translation_round_2,no,Original synthetic translation rejected; corrected translation provided.
MON161,Ndị mmadụ gara ụlọ ekpere n'ụtụtụ.,people went to the morning.,people went to the place of worship in the morning.,religion,iterative_back_translation_round_2,no,Original synthetic translation rejected; corrected translation provided.
MON162,Ọ na-ekpe ekpere kwa ụbọchị.,he uses the day.,he/she prays every day.,religion,iterative_back_translation_round_2,no,Original synthetic translation rejected; corrected translation provided.
MON163,Ezinụlọ ahụ gara ụka ọnụ.,the family went to the family.,the family went to church together.,religion,iterative_back_translation_round_2,no,Original synthetic translation rejected; corrected translation provided.
MON164,Ndị mmadụ na-ekele Chineke maka ndụ.,people speak the program.,people thank God for life.,religion,iterative_back_translation_round_2,no,Original synthetic translation rejected; corrected translation provided.
MON165,Onye ụkọchukwu kwuru okwu n'ihu ọha.,the teacher gave in the patient.,the priest gave a speech in public.,religion,iterative_back_translation_round_2,no,Original synthetic translation rejected; corrected translation provided.
MON166,Ekpere na-enye ọtụtụ mmadụ olileanya.,many people seek a person.,prayer gives many people hope.,religion,iterative_back_translation_round_2,no,Original synthetic translation rejected; corrected translation provided.
MON167,Ndị kwere ekwe gbakọtara maka emume.,the children enjoyed to learn.,believers gathered for the celebration.,religion,iterative_back_translation_round_2,no,Original synthetic translation rejected; corrected translation provided.
MON168,Ọ na-agụ akwụkwọ nsọ n'ụlọ.,he returned home.,he/she reads the holy book at home.,religion,iterative_back_translation_round_2,no,Original synthetic translation rejected; corrected translation provided.
MON169,Ụlọ ekpere ahụ jupụtara na ndị mmadụ.,people read the company has a fever.,the place of worship was filled with people.,religion,iterative_back_translation_round_2,no,Original synthetic translation rejected; corrected translation provided.
MON170,Ha na-ekpe ekpere maka ezinụlọ ha.,they pray for their family.,,religion,iterative_back_translation_round_2,yes,Accepted original translation.
MON171,Ndị mmadụ na-enyere ndị nọ na mkpa aka.,people help one another.,,religion,iterative_back_translation_round_2,yes,Accepted original translation.
MON172,Okwukwe bụ ihe dị mkpa nye ọtụtụ mmadụ.,many people is important to use important to many people.,faith is important to many people.,religion,iterative_back_translation_round_2,no,Original synthetic translation rejected; corrected translation provided.
MON173,Ezinụlọ ahụ na-ekpe ekpere ọnụ.,the family ate together.,the family prays together.,religion,iterative_back_translation_round_2,no,Original synthetic translation rejected; corrected translation provided.
MON174,A na-eme emume okpukpe kwa afọ.,please stand up.,a religious celebration is held every year.,religion,iterative_back_translation_round_2,no,Original synthetic translation rejected; corrected translation provided.
MON175,Ọ gara n'ụlọ ekpere n'ehihie.,he went to the morning.,he/she went to the place of worship in the afternoon.,religion,iterative_back_translation_round_2,no,Original synthetic translation rejected; corrected translation provided.
MON176,Ndị mmadụ na-ege ntị n'okwu onye ndu.,the people listened to the speech.,,religion,iterative_back_translation_round_2,yes,Accepted original translation.
MON177,Ọtụtụ mmadụ na-achọ udo na olileanya.,many people seek a people.,many people seek peace and hope.,religion,iterative_back_translation_round_2,no,Original synthetic translation rejected; corrected translation provided.
MON178,Ha nyere ndị ogbenye nri.,they gave food for the food.,they gave food to the poor.,religion,iterative_back_translation_round_2,no,Original synthetic translation rejected; corrected translation provided.
MON179,Ndị mmadụ gbakọtara n'udo.,people seek peace.,,religion,iterative_back_translation_round_2,yes,Accepted original translation.
MON180,Ọ na-akwanyere nkwenkwe ndị ọzọ ùgwù.,he respect others.,he respects other people's beliefs.,religion,iterative_back_translation_round_2,no,Original synthetic translation rejected; corrected translation provided.
MON181,Kọmputa dị mkpa n'oge a.,this soil is important in a computer.,computers are important nowadays.,technology,iterative_back_translation_round_2,no,Original synthetic translation rejected; corrected translation provided.
MON182,Ọ na-eji ekwentị ya kwa ụbọchị.,he uses the phone.,,technology,iterative_back_translation_round_2,yes,Accepted original translation.
MON183,Ịntanetị na-enyere ndị mmadụ aka ịkparịta ụka.,people help one another.,the internet helps people communicate.,technology,iterative_back_translation_round_2,no,Original synthetic translation rejected; corrected translation provided.
MON184,Onye mmemme na-ede koodu ọhụrụ.,the programmer writes code.,,technology,iterative_back_translation_round_2,yes,Accepted original translation.
MON185,A na-echekwa data n'ime nchekwa kọmputa.,computer database in a database.,data is stored in computer storage.,technology,iterative_back_translation_round_2,no,Original synthetic translation rejected; corrected translation provided.
MON186,Ụlọ ọrụ ahụ mepụtara ngwa ọhụrụ.,the company hired a new employee.,the company developed a new application.,technology,iterative_back_translation_round_2,no,Original synthetic translation rejected; corrected translation provided.
MON187,Ọ na-amụ banyere ọgụgụ isi mmadụ.,he has a person achieve.,he/she is studying artificial intelligence.,technology,iterative_back_translation_round_2,no,Original synthetic translation rejected; corrected translation provided.
MON188,Ekwentị ahụ nwere batrị ọhụrụ.,the new has a new phone.,the phone has a new battery.,technology,iterative_back_translation_round_2,no,Original synthetic translation rejected; corrected translation provided.
MON189,Ndị ọrụ na-eji ngwanrọ arụ ọrụ.,the igbo people uses work.,workers use software to work.,technology,iterative_back_translation_round_2,no,Original synthetic translation rejected; corrected translation provided.
MON190,Teknụzụ na-agbanwe ndụ mmadụ.,people should use technology responsibly.,technology is changing people's lives.,technology,iterative_back_translation_round_2,no,Original synthetic translation rejected; corrected translation provided.
MON191,Ọ na-amụta otú e si emepụta weebụsaịtị.,he uses a website website.,he/she is learning how to create websites.,technology,iterative_back_translation_round_2,no,Original synthetic translation rejected; corrected translation provided.
MON192,Kọmputa ahụ anaghị arụ ọrụ nke ọma.,the computer is not working.,,technology,iterative_back_translation_round_2,yes,Accepted original translation.
MON193,Onye mmemme chọtara njehie na koodu ahụ.,the programmer fixed the error.,,technology,iterative_back_translation_round_2,yes,Accepted original translation.
MON194,A na-eji paswọọdụ echekwa akaụntụ.,this uses a fever.,a password is used to protect an account.,technology,iterative_back_translation_round_2,no,Original synthetic translation rejected; corrected translation provided.
MON195,Ọtụtụ mmadụ na-eji ngwa mkpanaka.,many people use music for celebrations.,many people use mobile applications.,technology,iterative_back_translation_round_2,no,Original synthetic translation rejected; corrected translation provided.
MON196,Sistemụ ahụ na-arụ ọrụ ngwa ngwa.,the company pays expenses.,the system operates quickly.,technology,iterative_back_translation_round_2,no,Original synthetic translation rejected; corrected translation provided.
MON197,A na-eji nchekwa data echekwa ozi.,this data in a database.,a database is used to store information.,technology,iterative_back_translation_round_2,no,Original synthetic translation rejected; corrected translation provided.
MON198,Ọ mụtara asụsụ mmemme ọhụrụ.,he learned something new.,,technology,iterative_back_translation_round_2,yes,Accepted original translation.
MON199,Teknụzụ nwere ike ime ka ọrụ dị mfe.,can affect work.,technology can make work easier.,technology,iterative_back_translation_round_2,no,Original synthetic translation rejected; corrected translation provided.
MON200,Ndị ọrụ kwesịrị ichekwa ozi nkeonwe ha.,they should work together.,workers should protect their personal information.,technology,iterative_back_translation_round_2,no,Original synthetic translation rejected; corrected translation provided.
