igbo,english,source
Azịza ya dị mfe.,The answer is easy.,round1_training_data
Aha bụ akụkụ dị mkpa nke omenala.,Names are an important part of culture.,round1_training_data
A chọrọ m nri.,I want food.,round1_training_data
Ọ bụghị nsogbu.,It is not a problem.,round1_training_data
Ụfọdụ ọrụ na-eji igwe eme ihe.,Some jobs use machines.,round1_training_data
Ndị ntorobịa na-akwado omenala ha.,Young people support their culture.,round1_training_data
Ụbọchị ahụ mara mma.,The day is beautiful.,round1_training_data
Ndị mmadụ nwere obi ụtọ.,People were happy.,round1_training_data
Ọ laghachiri akwụkwọ ahụ.,He returned the book.,round1_training_data
Nwa ahụ nwere ahụ ọkụ.,The child has a fever.,round1_training_data
Obere azụmahịa na-emepụta ọrụ.,Small businesses create jobs.,round1_training_data
Aga m ahụ gị ma emechaa.,I will see you later.,round1_training_data
Ọrịa nwere ike imerụ ihe ọkụkụ.,Diseases can harm crops.,round1_training_data
Ndị mmadụ na-eji egwu eme emume.,People use music for celebrations.,round1_training_data
Ọ natara faịlụ ahụ.,He received the file.,round1_training_data
Ụmụaka mụtara ihe n'okpukpe.,Children learned about religion.,round1_training_data
Emume ahụ mere n'ụlọ.,The celebration took place at home.,round1_training_data
Ọ dị mkpa ịchọ enyemaka n'oge.,It is important to seek help early.,round1_training_data
Ọtụtụ mmadụ na-eji ụzọ a.,Many people use this road.,round1_training_data
Ala kpọrọ nkụ anaghị enyere ihe ọkụkụ aka.,Dry soil does not help crops.,round1_training_data
Onye isi obodo nwere ọrụ dị mkpa.,The community leader has an important responsibility.,round1_training_data
Ọ dị m mkpa ịgwa gị ihe.,I need to tell you something.,round1_training_data
Ọtụtụ mmadụ hụrụ egwu ọdịnala n'anya.,Many people love traditional music.,round1_training_data
Ịkwanyere ndị okenye ùgwù bụ omenala dị mkpa.,Respecting elders is an important tradition.,round1_training_data
Ha na-agụ akwụkwọ nsọ.,They read the holy book.,round1_training_data
Ndị okenye na-akọ akụkọ banyere oge gara aga.,Elders tell stories about the past.,round1_training_data
Nne m kpọrọ m.,My mother called me.,round1_training_data
Ụmụaka nọdụrụ gee akụkọ ahụ ntị.,The children sat and listened to the story.,round1_training_data
Ndị Igbo nwere ọtụtụ omenala.,The Igbo people have many traditions.,round1_training_data
Ezinụlọ ahụ na-arụ ọrụ ọnụ.,The family works together.,round1_training_data
Ọbara mgbali elu nwere ike ịdị ize ndụ.,High blood pressure can be dangerous.,round1_training_data
Ọ na-eji teknụzụ eme mmụta.,He uses technology for learning.,round1_training_data
Lee nke a.,Look at this.,round1_training_data
Ụlọ ọrụ ahụ natara iwu ahụ.,The company received the order.,round1_training_data
Nkwenkwe na-enye ụfọdụ mmadụ ume.,Beliefs give some people strength.,round1_training_data
Weebụsaịtị ahụ dị mfe iji.,The website is easy to use.,round1_training_data
Ụmụ akwụkwọ jụrụ ọtụtụ ajụjụ.,The students asked many questions.,round1_training_data
Ala a dị mma maka ịkụ ihe.,This soil is good for planting.,round1_training_data
A chọrọ m mmiri.,I want water.,round1_training_data
Ụzụ na-agbanwe ụwa.,Technology is changing the world.,round1_training_data
Gọọmenti nyere ndị ọrụ ugbo mkpụrụ.,The government gave farmers seeds.,round1_training_data
Ndị nne na nna na-akụziri ụmụ ha Igbo.,Parents teach their children Igbo.,round1_training_data
Ọ zitere email n'ụtụtụ.,He sent an email in the morning.,round1_training_data
Ịchekwa ahụike bụ ọrụ onye ọ bụla.,Protecting health is everyone's responsibility.,round1_training_data
Ị chọrọ ihe ọ bụla?,Do you need anything?,round1_training_data
Ụfọdụ omenala ka dị ndụ taa.,Some traditions are still alive today.,round1_training_data
Ọ na-amụ nkà dijitalụ.,He is learning digital skills.,round1_training_data
Ọ dị mkpa ilekọta ahụike anyị.,It is important to take care of our health.,round1_training_data
Ezi ọchịchị na-eme ka obodo sie ike.,Good governance makes a community strong.,round1_training_data
Kọmputa ahụ kwụsịrị ịrụ ọrụ.,The computer stopped working.,round1_training_data
Onye ọrụ na-arụsi ọrụ ike.,The employee works hard.,round1_training_data
Ndị mmadụ nwere ike isonye na mmemme ahụ.,People can participate in the program.,round1_training_data
Okpukpe bụ akụkụ nke ndụ ọtụtụ mmadụ.,Religion is part of the lives of many people.,round1_training_data
Ọdịnihu ga-adị mma.,The future will be good.,round1_training_data
Ịntanetị na-ejikọta ndị mmadụ.,The internet connects people.,round1_training_data
Azụmahịa na-enye ndị mmadụ ohere ọrụ.,Business provides people with job opportunities.,round1_training_data
Onye nkuzi zara ajụjụ ha.,The teacher answered their questions.,round1_training_data
Ọ dị mkpa izere nrụgide dị ukwuu.,It is important to avoid too much stress.,round1_training_data
Onye ọrụ ugbo na-arụsi ọrụ ike n'ubi.,the farmer works hard.,round1_training_data
Ọ kwụrụ ụgwọ ahụ n'oge.,He paid the debt on time.,round1_training_data
Mmiri na-enyere ahụ aka.,Water helps the body.,round1_training_data
Ka anyị gaa.,Let us go.,round1_training_data
Ha kụrụ ọka.,They planted maize.,round1_training_data
Ha chọrọ ime ka ọrụ ha ka mma.,They want to improve their service.,round1_training_data
Ụmụ akwụkwọ na-eji kọmputa amụ ihe.,Students use computers to learn.,round1_training_data
Faịlụ ahụ dị na kọmputa.,The file is on the computer.,round1_training_data
Akpịrị na-akpọ m nkụ.,I am thirsty.,round1_training_data
Ọ mepụtara paswọọdụ siri ike.,He created a strong password.,round1_training_data
Azụmahịa ọma chọrọ atụmatụ siri ike.,business requires good planning.,round1_training_data
Onye ọrụ ugbo na-azụ ewu.,The farmer raises goats.,round1_training_data
Ozi ahụ bịara n'oge.,The message arrived on time.,round1_training_data
Ndo.,Sorry.,round1_training_data
Anyị kwesịrị ịrụkọ ọrụ ọnụ.,We should work together.,round1_training_data
Ebe nchekwa data nwere ọtụtụ ozi.,The database contains a lot of information.,round1_training_data
Ụkọ mmiri na-emetụta ọrụ ugbo.,Water shortage affects agriculture.,round1_training_data
Nwa akwụkwọ na-aga ụlọ akwụkwọ.,The student is going to school.,round1_training_data
Ihu igwe dị mma.,The weather is good.,round1_training_data
Ndị mmadụ kesara nri.,People shared food.,round1_training_data
Ọka dị njikere maka owuwe ihe ubi.,The maize is ready for harvest.,round1_training_data
Ọ dị mkpa ịgba ọgwụ mgbochi ọrịa.,It is important to get vaccinated.,round1_training_data
Gọọmenti malitere mmemme ọzụzụ.,The government started a training program.,round1_training_data
Ụmụ akwụkwọ dere ule ha.,The students wrote their examination.,round1_training_data
Ọ dị mkpa iji ego ọha mee ihe nke ọma.,It is important to use public money properly.,round1_training_data
Ha mụtara ụzọ ọhụrụ e si akụ ihe.,They learned new methods of planting.,round1_training_data
Achọrọ m iri nri.,I want to eat.,round1_training_data
Dọkịta nyere ya ọgwụ maka ụkwara.,The doctor gave him medicine for the cough.,round1_training_data
Omenala na-ejikọta ọgbọ dị iche iche.,Culture connects different generations.,round1_training_data
Ụmụaka kwesịrị ịma omenala ha.,Children should know their culture.,round1_training_data
Ezinụlọ na-aga ofufe ọnụ.,The family goes to worship together.,round1_training_data
Ọnụ ahịa ọka mụbara.,The price of maize increased.,round1_training_data
Ọ dị mma nke ukwuu.,It is very good.,round1_training_data
Aha m bụ Chinedu.,My name is Chinedu.,round1_training_data
Ụzụ na-enyere ndị mmadụ aka.,Technology helps people.,round1_training_data
Ndị mmadụ na-esi nri ọdịnala n'emume.,People cook traditional food at celebrations.,round1_training_data
Ndị enyi ya na-enye ya ndụmọdụ.,His friends give him advice.,round1_training_data
Ndị isi kwesịrị ịza ajụjụ.,Leaders should be accountable.,round1_training_data
Ha mere ọrụ otu.,They did group work.,round1_training_data
Ọ na-eji ekwentị ya kwa ụbọchị.,he uses the phone.,round1_training_data
Obi adịghị m ụtọ.,I am not happy.,round1_training_data
Python bụ asụsụ mmemme.,Python is a programming language.,round1_training_data
Ọ mụtara otu esi eji kọmputa.,He learned how to use a computer.,round1_training_data
Ndị ọrụ ahụike na-enyere ndị ọrịa aka.,Health workers help patients.,round1_training_data
Ọ na-enwe ahụ ọkụ.,he has a fever.,round1_training_data
Biko nyere m aka.,Please help me.,round1_training_data
Ndị mmadụ gere ozi ọma ahụ ntị.,People listened to the sermon.,round1_training_data
Ụzọ ọgbara ọhụrụ na-eme ka ọrụ ugbo dị mfe.,Modern methods make farming easier.,round1_training_data
Kedu ka ị mere?,How are you?,round1_training_data
Gọọmenti na ndị mmadụ kwesịrị ịrụkọ ọrụ ọnụ.,The government and the people should work together.,round1_training_data
Ọrụ siri ike na-eweta ihe ịga nke ọma.,Hard work brings success.,round1_training_data
Ọ wụnyere ngwanrọ ọhụrụ.,He installed new software.,round1_training_data
Onye ọchụnta ego mere atụmatụ.,The entrepreneur made a plan.,round1_training_data
Gwa m ihe merenụ.,Tell me what happened.,round1_training_data
Nwa akwụkwọ ahụ gafere ule ahụ.,The student passed the examination.,round1_training_data
Olileanya na-enyere mmadụ aka ịga n'ihu.,Hope helps a person move forward.,round1_training_data
Nne ochie kọrọ akụkọ n'abalị.,The grandmother told a story at night.,round1_training_data
Achọrọ m enyemaka.,I need help.,round1_training_data
"Mba, enweghị m oge.","No, I do not have time.",round1_training_data
Ọ gụrụ akwụkwọ nke ọma.,He studied well.,round1_training_data
Ndị ezinụlọ na-akwado ibe ha.,Family members support one another.,round1_training_data
Ọ dị mkpa ibi ndụ n'udo.,It is important to live in peace.,round1_training_data
Ị maara ebe a?,Do you know this place?,round1_training_data
Atụla egwu.,Do not be afraid.,round1_training_data
Ndị ọrụ ugbo bụ akụkụ dị mkpa nke obodo.,Farmers are an important part of the community.,round1_training_data
"Ee, enwere m ekwentị.","Yes, I have a phone.",round1_training_data
Ahụ mmadụ chọrọ ezigbo nri.,The human body needs good food.,round1_training_data
Gaa ebe ahụ.,Go there.,round1_training_data
Nwa akwụkwọ ahụ hụrụ sayensị n'anya.,The student likes science.,round1_training_data
Ụmụ akwụkwọ nọ ọdụ n'oche.,The students are sitting on chairs.,round1_training_data
Anụ ụlọ chọrọ nri.,Domestic animals need food.,round1_training_data
Ọ dị mkpa ịmụta ịgbaghara.,It is important to learn to forgive.,round1_training_data
Ọ mụtara ihe ọhụrụ.,He learned something new.,round1_training_data
Ọ gbakere mgbe ọ nwetara ọgwụgwọ.,He recovered after receiving treatment.,round1_training_data
Anyị kụrụ osikapa n'ubi.,We planted rice on the farm.,round1_training_data
Ụmụ akwụkwọ mahadum na-eme nchọpụta.,University students conduct research.,round1_training_data
Klaasị ahụ dị ọcha.,The classroom is clean.,round1_training_data
Ọ na-echekwa data n'ime nchekwa.,He stores data in a database.,round1_training_data
Akwụkwọ nri nwere ọtụtụ vitamin.,Vegetables contain many vitamins.,round1_training_data
Ịntanetị na-enyere ụmụ akwụkwọ aka.,The internet helps students.,round1_training_data
Daalụ.,Thank you.,round1_training_data
Ha na-ebubata ngwaahịa.,They import products.,round1_training_data
Ndị obodo chọrọ ọrụ.,The citizens need jobs.,round1_training_data
Obodo chọrọ ọkụ eletrik.,The community needs electricity.,round1_training_data
Nlekọta ahụike na-enyere ndị mmadụ aka ibi ndụ ogologo.,Healthcare helps people live longer lives.,round1_training_data
Ị na-eme gịnị?,What are you doing?,round1_training_data
Ndị mmadụ kwesịrị ikwu eziokwu.,People should tell the truth.,round1_training_data
Enwere m echiche.,I have an idea.,round1_training_data
Ka anyị kwụsị.,Let us stop.,round1_training_data
Ọ kwụrụ ụgwọ site na ụlọ akụ.,He paid through the bank.,round1_training_data
Onye ọrụ zara ajụjụ onye ahịa.,The employee answered the customer's question.,round1_training_data
Ha siri ji na ofe.,They cooked yam and soup.,round1_training_data
Ọ gara ụlọ ọrụ gọọmenti.,He went to a government office.,round1_training_data
Ndị mmadụ na-enyere ibe ha aka.,People help one another.,round1_training_data
Obodo ahụ nwere akụkọ ogologo.,The town has a long history.,round1_training_data
Nkà kọmputa na-enyere mmadụ aka ịchọta ọrụ.,Computer skills help a person find a job.,round1_training_data
Ha debere ego n'ụlọ akụ.,They deposited money in the bank.,round1_training_data
Nwa akwụkwọ ahụ gosipụtara ọrụ ya.,The student presented his work.,round1_training_data
Vitamin na-enyere ahụ aka.,Vitamins help the body.,round1_training_data
Gọọmenti na-arụ ụlọ akwụkwọ.,The government builds schools.,round1_training_data
Onye nkuzi kọwara ihe ahụ.,The teacher explained the topic.,round1_training_data
Ha nyere ezinụlọ ahụ nri.,They gave the family food.,round1_training_data
Onye nkuzi nyere ha ọrụ ụlọ.,The teacher gave them homework.,round1_training_data
Ha kelere Chineke maka nri.,They thanked God for the food.,round1_training_data
Ụmụ akwụkwọ na-amụta ihe ọhụrụ.,The students are learning new things.,round1_training_data
Kọmputa ahụ dị ọhụrụ.,The computer is new.,round1_training_data
"Eeh, achọrọ m mmiri.","Yes, I need water.",round1_training_data
Ọ na-echekwa faịlụ ya.,He backs up his files.,round1_training_data
Abịara m ugbu a.,I have arrived now.,round1_training_data
Onye ahịa kwụrụ ụgwọ ngwaahịa ahụ.,The customer paid for the product.,round1_training_data
Ha kwụrụ ụgwọ ụlọ.,They paid the rent.,round1_training_data
Onye nkuzi mahadum kụziri klaasị.,The university lecturer taught the class.,round1_training_data
Ha na-abụ abụ ọdịnala.,They sing traditional songs.,round1_training_data
Ọrụ a chọrọ ahụmahụ.,This job requires experience.,round1_training_data
Ezinụlọ m dị mkpa nye m.,My family is important to me.,round1_training_data
Ebe ofufe ahụ dị nso n'ụlọ ya.,The place of worship is near his house.,round1_training_data
Ebee ka ị bi?,Where do you live?,round1_training_data
Nne na-elekọta nwa ya.,The mother takes care of her child.,round1_training_data
Ọ dị ọkụ taa.,It is hot today.,round1_training_data
Onye ọrịa kwesịrị ịṅụ ọgwụ ya.,The patient should take his medicine.,round1_training_data
Anwụ na-enyere ihe ọkụkụ aka ito.,Sunlight helps crops grow.,round1_training_data
Ndị inyom yi akwa mara mma.,The women wore beautiful clothing.,round1_training_data
Ndị mmadụ na-agba egwu n'emume.,People dance at celebrations.,round1_training_data
Ọ na-enwe ihe mgbu n'ahụ.,He has pain in his body.,round1_training_data
Ọ na-arịọ maka nduzi.,He asks for guidance.,round1_training_data
Anyị na-echeta akụkọ ndị nna nna anyị.,We remember the stories of our ancestors.,round1_training_data
Ana m arụ ọrụ.,I am working.,round1_training_data
Obodo ahụ nwere ọtụtụ ebe ofufe.,The town has many places of worship.,round1_training_data
Ndị ọrụ ahụike na-elekọta ndị ọrịa.,Health workers care for patients.,round1_training_data
Ndị ọrụ ugbo na-enye obodo nri.,Farmers provide food for the community.,round1_training_data
Ọkụkọ ahụ tọrọ akwa.,The chicken laid an egg.,round1_training_data
Amaghị m.,I do not know.,round1_training_data
Ụra na-agụ m.,I am sleepy.,round1_training_data
Anyị kwesịrị ịkwanyere ndị nwere nkwenkwe dị iche ùgwù.,We should respect people with different beliefs.,round1_training_data
Gọọmenti kwere nkwa ịrụ ụzọ.,The government promised to build roads.,round1_training_data
Ọmụmụ ihe na-enyere mmadụ aka iru ihe mgbaru ọsọ ya.,Learning helps a person achieve their goals.,round1_training_data
Ndị obodo na-eji Igbo eme emume.,The community uses Igbo during celebrations.,round1_training_data
Gịnị ka ị na-eme ugbu a?,what are you doing?,round1_training_data
Ndị mmadụ yi uwe mara mma maka emume.,People wore beautiful clothes for the celebration.,round1_training_data
Ezinụlọ na-elekọta onye ọrịa.,The family takes care of the patient.,round1_training_data
Ise siga na-emebi ahụike.,Smoking damages health.,round1_training_data
Ọ na-aga ebe ofufe kwa izu.,He goes to a place of worship every week.,round1_training_data
Anaghị m enwe ahụ ike.,I am not feeling well.,round1_training_data
Ha wepụrụ ahịhịa n'ubi.,They removed weeds from the farm.,round1_training_data
Echiche ahụ dị mma.,That idea is good.,round1_training_data
Ọ chọtara ozi ahụ n'ịntanetị.,He found the information online.,round1_training_data
Anyị kwesịrị ịkwado ndị ọrụ ugbo.,We should support farmers.,round1_training_data
Ọdachi na-emebi ubi.,Disasters damage farms.,round1_training_data
Ụmụaka kwesịrị ịmụ asụsụ ha.,Children should learn their language.,round1_training_data
Ndị mmadụ na-asụ asụsụ dị iche iche.,People speak different languages.,round1_training_data
Onye ọrịa nwere ahụ ọkụ.,The patient has a fever.,round1_training_data
Ịdị ọcha na-enyere aka igbochi nje.,Cleanliness helps prevent germs.,round1_training_data
Ekpere dị mkpa nye ọtụtụ ndị mmadụ.,Prayer is important to many people.,round1_training_data
Onye ọrụ ugbo na-arụsi ọrụ ike.,The farmer works hard.,round1_training_data
Ndị mmadụ yi uwe ọdịnala n'emume ahụ.,people wore traditional clothes.,round1_training_data
Ana m aga ụlọ.,I am going home.,round1_training_data
Ọ dị m ka ike gwụrụ m.,I feel tired.,round1_training_data
"Ee, enwere m oge.","yes, i have time.",round1_training_data
Ụlọ ọrụ ahụ na-akwụ ụgwọ.,The company pays expenses.,round1_training_data
Ụlọ ọrụ ahụ goro onye ọrụ ọhụrụ.,The company hired a new employee.,round1_training_data
Ịkekọrịta nri na-eme ka ndị mmadụ dịrị n'otu.,Sharing food brings people together.,round1_training_data
Nwa akwụkwọ ahụ na-eji pensụl ede ihe.,The student uses a pencil to write.,round1_training_data
Agụmakwụkwọ na-emeghe ụzọ maka ọdịnihu.,Education opens the way to the future.,round1_training_data
Ọrụ ugbo bụ ọrụ dị mkpa.,Farming is an important occupation.,round1_training_data
Ana m achọ enyi m.,I am looking for my friend.,round1_training_data
Ọ na-aṅụ ọgwụ ugboro abụọ n'ụbọchị.,He takes the medicine twice a day.,round1_training_data
Gọọmenti na-elekọta obodo.,The government manages the community.,round1_training_data
Achọrọ m ịṅụ mmiri.,I want to drink water.,round1_training_data
Ndị obodo nwere ikike.,The citizens have rights.,round1_training_data
Onye ọrụ ugbo nwere ahụmahụ.,The farmer has experience.,round1_training_data
Ụmụ akwụkwọ na-amụ banyere omenala ha.,Students study their culture.,round1_training_data
Ụzụ ọhụrụ na-apụta kwa afọ.,New technology appears every year.,round1_training_data
Enweghị ụra nwere ike imetụta ahụike.,Lack of sleep can affect health.,round1_training_data
Nzukọ n'ịntanetị na-ewu ewu.,Online meetings are popular.,round1_training_data
Akụrụngwa kọmputa dị mkpa.,Computer hardware is important.,round1_training_data
Ahụmahụ na-enyere onye ọrụ ugbo aka.,Experience helps the farmer.,round1_training_data
Ezinụlọ ahụ gara ụlọ ọgwụ.,the family went to the hospital.,round1_training_data
Igbo bụ asụsụ ndị Igbo.,Igbo is the language of the Igbo people.,round1_training_data
Adị m mma.,I am fine.,round1_training_data
Ịgba mmiri na-enyere ihe ọkụkụ aka.,Irrigation helps crops.,round1_training_data
Nzukọ ahụ mere n'ụlọ nzukọ.,The meeting took place in the meeting hall.,round1_training_data
Dọkịta gwara ya ka ọ zuru ike.,The doctor told him to rest.,round1_training_data
Onye isi ahụ kwere nkwa.,The leader made a promise.,round1_training_data
Njehie ahụ mere ka mmemme kwụsị.,The error caused the program to stop.,round1_training_data
Aga m ezitere gị ozi.,I will send you a message.,round1_training_data
Dọkịta na-enyocha onye ọrịa.,The doctor examines the patient.,round1_training_data
Ụlọ ọrụ gọọmenti na-enye ọrụ dị iche iche.,the government provides different services.,round1_training_data
Onye ọrụ ugbo na-azụ ehi.,The farmer raises cattle.,round1_training_data
Ịsa aka na-egbochi mgbasa ọrịa.,Handwashing prevents the spread of disease.,round1_training_data
Polis na-echekwa obodo.,The police protect the community.,round1_training_data
Gịnị ka nke a bụ?,What is this?,round1_training_data
Ndị mmadụ na-achọ ndụmọdụ.,People seek advice.,round1_training_data
Ajụjụ ahụ siri ike.,The question is difficult.,round1_training_data
Ezi omume na-enyere obodo aka.,Good behavior helps the community.,round1_training_data
Ụmụaka niile kwesịrị inweta agụmakwụkwọ.,All children should receive education.,round1_training_data
Ịgba ọgwụ mgbochi ọrịa na-echebe ụmụaka.,Vaccination protects children from disease.,round1_training_data
Ekwentị ahụ nwere igwefoto.,The phone has a camera.,round1_training_data
Ịrụ ọrụ ebere dị mkpa.,Charity work is important.,round1_training_data
Ịntanetị na-enyere ụmụ akwụkwọ aka ịmụ ihe.,The internet helps students learn.,round1_training_data
Ọbịa bịara n'ụlọ ahụ.,A visitor came to the house.,round1_training_data
Anyị ga-akụ ihe ọkụkụ echi.,We will plant crops tomorrow.,round1_training_data
Ehi ahụ na-enye mmiri ara.,The cow gives milk.,round1_training_data
Ajụjụ ahụ dị mfe.,The question is easy.,round1_training_data
Ọ na-asụ ụkwara kemgbe ụnyaahụ.,He has been coughing since yesterday.,round1_training_data
Ọdịnihu ga-adabere n'ụzụ.,The future will depend on technology.,round1_training_data
Ụlọ ọrụ ahụ na-eji usoro dijitalụ.,The company uses digital systems.,round1_training_data
Egwu ahụ na-atọ ụtọ.,The music is enjoyable.,round1_training_data
Ndị ọrụ ugbo na-arụ ọrụ n'ubi.,The farmers work on the farm.,round1_training_data
Ụlọ ọrụ ahụ nwere akaụntụ ụlọ akụ.,The company has a bank account.,round1_training_data
Nne na-ekpe ekpere maka ụmụ ya.,The mother prays for her children.,round1_training_data
Onye na-ere ahịa na-ere uwe.,The trader sells clothes.,round1_training_data
Akwụkwọ ahụ dị na tebụl.,The book is on the table.,round1_training_data
Ndị nyocha na-amụ ọgụgụ isi mmadụ.,Researchers study artificial intelligence.,round1_training_data
Akụkọ ihe mere eme bụ isiokwu dị mkpa.,History is an important subject.,round1_training_data
Ọ gbaghara enyi ya.,He forgave his friend.,round1_training_data
Ọ budatara ngwa ọhụrụ.,He downloaded a new application.,round1_training_data
Mmepe chọrọ nkwado nke ndị mmadụ.,Development requires the support of the people.,round1_training_data
Onye nchịkwa na-elekọta nchekwa data.,The administrator manages the database.,round1_training_data
Ịrụsi ọrụ ike na-enyere azụmahịa aka.,Hard work helps a business.,round1_training_data
Oké mmiri ozuzo nwere ike imebi ihe ubi.,Heavy rain can damage crops.,round1_training_data
Obodo chọrọ nchekwa.,The community needs security.,round1_training_data
Ọ dị mkpa ịmụ ihe kwa ụbọchị.,It is important to study every day.,round1_training_data
Mkpọsa ahụike na-enye ozi dị mkpa.,Health campaigns provide important information.,round1_training_data
Ụmụ akwụkwọ na-asọmpi n'ọmụmụ ihe.,The students compete in their studies.,round1_training_data
Agụmakwụkwọ bụ isi ihe na mmepe obodo.,Education is essential for community development.,round1_training_data
Ndị mmadụ kwesịrị ịgbaso ndụmọdụ ahụike.,People should follow health advice.,round1_training_data
Ha kwadebere nri maka ndị ọbịa.,They prepared food for the visitors.,round1_training_data
Onye ọrụ ugbo zụtara traktọ.,The farmer bought a tractor.,round1_training_data
A na-akụ ji n'oge opupu ihe ubi.,Yam is planted during the planting season.,round1_training_data
Ọ na-amụ maka ule ya.,He is studying for his examination.,round1_training_data
Gọọmenti na-enye mmiri ọṅụṅụ.,The government provides drinking water.,round1_training_data
Ndị mmadụ chọrọ ikpe ziri ezi.,People want justice.,round1_training_data
"Mba, agaghị m abịa.","No, I will not come.",round1_training_data
Dọkịta nyochara ọbara ya.,The doctor tested his blood.,round1_training_data
Ndị mmadụ nwere ike ikwu echiche ha.,People can express their opinions.,round1_training_data
Nyocha ahụike mgbe niile dị mkpa.,Regular health checkups are important.,round1_training_data
Ị dị mma?,Are you fine?,round1_training_data
Gụọ akwụkwọ ahụ.,Read the book.,round1_training_data
Ọ na-eji ngwa dị iche iche.,He uses different applications.,round1_training_data
Ọrụ na-enyere ezinụlọ aka.,Jobs help families.,round1_training_data
Ndị obodo na-echekwa ebe akụkọ ihe mere eme.,The community preserves historical places.,round1_training_data
Ọ na-agba mmiri n'ubi.,He is watering the farm.,round1_training_data
Onye ọrụ ugbo na-asacha ubi.,The farmer clears the farm.,round1_training_data
Ọmụmụ ihe n'ịntanetị na-ewu ewu.,Online learning is popular.,round1_training_data
Gịnị ka ị chọrọ?,What do you want?,round1_training_data
Ụmụ akwụkwọ na-arụ ọrụ ọnụ.,the students work together.,round1_training_data
Ụlọ ọrụ ahụ na-achọ ndị ọrụ ọhụrụ.,The company is looking for new employees.,round1_training_data
Ọ kpọrọ onye na-ahụ maka teknụzụ.,He called the technician.,round1_training_data
Ọ na-ezu ike mgbe ọ gwụrụ ike.,He rests when he is tired.,round1_training_data
Oge eruola.,It is time.,round1_training_data
Ha nwetara ngwá ọrụ ugbo ọhụrụ.,They received new farming equipment.,round1_training_data
Onye ọbịa kwuru okwu.,The visitor gave a speech.,round1_training_data
Ọ chọrọ ịga mahadum.,He wants to go to university.,round1_training_data
Ụzụ na-eme ka ọrụ dị mfe.,Technology makes work easier.,round1_training_data
Ha kpọsara ngwaahịa ọhụrụ.,They advertised a new product.,round1_training_data
Ọrụ ahụ ka na-aga n'ihu.,The work is still continuing.,round1_training_data
Iwu na-enyere aka idobe udo.,Laws help maintain peace.,round1_training_data
Ha na-akụ mkpụrụ n'ahịrị.,They plant seeds in rows.,round1_training_data
Ọgbọ ọhụrụ na-amụta ihe n'aka ndị okenye.,The new generation learns from elders.,round1_training_data
Ọ naghị aṅụ ọgwụ ya mgbe niile.,He does not always take his medicine.,round1_training_data
Onye ahịa enweghị afọ ojuju.,The customer is not satisfied.,round1_training_data
Gee ntị.,Listen.,round1_training_data
Ana m ebi n'obodo a.,I live in this town.,round1_training_data
Ahụike dị ezigbo mkpa.,Health is very important.,round1_training_data
Mepee akwụkwọ.,Open the book.,round1_training_data
Ụlọ ọrụ ahụ mepere alaka ọhụrụ.,The company opened a new branch.,round1_training_data
Ọ dị njọ.,It is bad.,round1_training_data
Ụlọ ọrụ ahụ tụfuru ego.,The company lost money.,round1_training_data
Nọdụ ala.,Sit down.,round1_training_data
Anyị kwesịrị ịsa aka mgbe niile.,We should wash our hands regularly.,round1_training_data
Nwa akwụkwọ ahụ zara ajụjụ ahụ.,The student answered the question.,round1_training_data
Nwa akwụkwọ ahụ na-amụ sayensị kọmputa.,The student studies computer science.,round1_training_data
Nke a bụ akwụkwọ.,This is a book.,round1_training_data
Nkuzi ahụ bara uru.,The lecture was useful.,round1_training_data
Nkuzi ahụ bara uru.,The teaching was useful.,round1_training_data
Ọ lọtara n'ụlọ.,He returned home.,round1_training_data
Ha rere akwụkwọ nri n'ahịa.,They sold vegetables at the market.,round1_training_data
Omenala na-akụzi ịdị n'otu.,Culture teaches unity.,round1_training_data
Ọtụtụ mmadụ na-adabere n'obere azụmahịa.,Many people depend on small businesses.,round1_training_data
Onye ọrụ nwetara ụgwọ ọnwa ya.,The employee received his salary.,round1_training_data
Chere obere oge.,Wait for a short while.,round1_training_data
Ana m aga n'ụlọ.,i am going home.,round1_training_data
Onye ọrịa kọwara ihe mgbaàmà ya.,The patient described his symptoms.,round1_training_data
Ndị ọrụ ugbo na-eche ihu mgbanwe ihu igwe.,Farmers face climate change.,round1_training_data
Ụmụaka na-amụta omenala n'aka ndị okenye.,Children learn traditions from elders.,round1_training_data
Ịntanetị na-enye ozi dị iche iche.,The internet provides different information.,round1_training_data
Bịa ebe a.,Come here.,round1_training_data
Isi na-arịa ya nke ukwuu.,He has a severe headache.,round1_training_data
Ọtụtụ ndị ntorobịa na-achọ ọrụ.,Many young people are looking for jobs.,round1_training_data
Ụmụ akwụkwọ na-amụ asụsụ Igbo.,The students study the Igbo language.,round1_training_data
Ọ bụ elekere asatọ.,It is eight o'clock.,round1_training_data
Ka anyị kwuo okwu.,Let us talk.,round1_training_data
Ọmụmụ ihe dị mkpa.,Learning is important.,round1_training_data
Ọrịa ahụ malitere n'ụtụtụ.,The illness started in the morning.,round1_training_data
Olileanya dị mkpa n'oge nsogbu.,Hope is important during difficult times.,round1_training_data
Aha ụfọdụ na-echeta ndị nna nna.,Some names remember ancestors.,round1_training_data
Onye mmemme na-ede koodu.,The programmer writes code.,round1_training_data
Ndị Igbo na-asọpụrụ ndị nna nna ha.,The Igbo people respect their ancestors.,round1_training_data
Nwa akwụkwọ ahụ na-akwadebe maka ule.,The student is preparing for an examination.,round1_training_data
Ndị mmadụ na-ahọpụta ndị isi.,People elect leaders.,round1_training_data
Ọtụtụ mmadụ hụrụ mgbasa ozi ahụ.,Many people saw the advertisement.,round1_training_data
Nri ahụ na-atọ ụtọ.,The food is delicious.,round1_training_data
Nwa akwụkwọ ahụ nwere nnukwu nrọ.,The student has a big dream.,round1_training_data
Dee aha gị.,Write your name.,round1_training_data
Anyị gara ịtụ ihe ubi.,We went to harvest the crops.,round1_training_data
Ònye kpọrọ gị?,Who called you?,round1_training_data
Onye mmemme meziri njehie ahụ.,The programmer fixed the error.,round1_training_data
Nwa akwụkwọ ahụ chọrọ enyemaka.,The student needs help.,round1_training_data
Mechie ụzọ.,Close the door.,round1_training_data
Ule ahụ ga-amalite echi.,The examination will begin tomorrow.,round1_training_data
Obodo dị iche iche nwere omenala dị iche iche.,Different communities have different cultures.,round1_training_data
Ụlọ ahịa ahụ mechiri n'abalị.,The shop closed at night.,round1_training_data
Nchọpụta dị mkpa na agụmakwụkwọ.,Research is important in education.,round1_training_data
Iwu ọhụrụ ahụ malitere ịrụ ọrụ.,The new law came into effect.,round1_training_data
Ezinụlọ ahụ riri nri ọnụ.,The family ate together.,round1_training_data
Akwụkwọ nri ahụ dị ọhụrụ.,The vegetables are fresh.,round1_training_data
Nchekwa ịntanetị dị mkpa.,Internet security is important.,round1_training_data
Biko bilie.,Please stand up.,round1_training_data
Ha yi uwe ọdịnala.,They wore traditional clothes.,round1_training_data
Nnyocha ahịa nyere aka.,The market research was helpful.,round1_training_data
Ọ gara ahịa.,He went to the market.,round1_training_data
Gọọmenti na-enye akwụkwọ ikike.,The government issues licenses.,round1_training_data
Azụmahịa chọrọ ezigbo atụmatụ.,Business requires good planning.,round1_training_data
Ha chọrọ ịbawanye uru.,They want to increase profit.,round1_training_data
Ụlọ ọhụrụ ahụ na-ewu.,The new building is being constructed.,round1_training_data
Biko kwuo ya ọzọ.,Please say it again.,round1_training_data
Mmega ahụ na-eme ka ahụ sie ike.,Exercise makes the body strong.,round1_training_data
Etetaala m.,I have woken up.,round1_training_data
Onye ahịa kpọrọ ụlọ ọrụ ahụ.,The customer called the company.,round1_training_data
Ịrụkọ ọrụ ọnụ na-eweta udo.,Working together brings peace.,round1_training_data
Onye nrụpụta weebụ na-arụ ọrụ na weebụsaịtị.,The web developer works on websites.,round1_training_data
Ọ na-eji vidio akparịta ụka.,He uses video to communicate.,round1_training_data
Azụmahịa dị mkpa maka mmepe obodo.,Business is important for community development.,round1_training_data
Ọbá akwụkwọ ahụ nwere ọtụtụ akwụkwọ.,The library has many books.,round1_training_data
Ịgụ akwụkwọ na-enyere ụmụ akwụkwọ aka.,Studying helps students.,round1_training_data
Ọrụ ugbo chọrọ ndidi.,Farming requires patience.,round1_training_data
Ọ na-eji kọmputa arụ ọrụ.,He uses a computer to work.,round1_training_data
Ekele dịrị gị.,Thank you.,round1_training_data
Gọọmenti na-akwado ọrụ ugbo.,The government supports agriculture.,round1_training_data
Agụmakwụkwọ na-enyere obodo aka ito eto.,Education helps a community develop.,round1_training_data
Onye nkuzi nyochara ọrụ ụmụ akwụkwọ.,The teacher checked the students' work.,round1_training_data
Dọkịta nyere ya ndụmọdụ.,the doctor gave advice.,round1_training_data
Onye ọrụ ugbo na-akụ mkpụrụ.,The farmer is planting seeds.,round1_training_data
Onye ọchụnta ego malitere azụmahịa ọhụrụ.,The entrepreneur started a new business.,round1_training_data
Onye ọrụ ugbo laghachiri n'ụlọ mgbe anyanwụ dara.,The farmer returned home after sunset.,round1_training_data
Ị chọrọ enyemaka?,Do you need help?,round1_training_data
Ọrụ ahụ dị ngwa ma dị mma.,The service is fast and good.,round1_training_data
Onye ọka iwu na-enyere ndị mmadụ aka.,A lawyer helps people.,round1_training_data
Ọ natara email ọhụrụ.,He received a new email.,round1_training_data
Ọdịnala bụ akụkụ dị mkpa nke ndụ ndị Igbo.,Tradition is an important part of Igbo life.,round1_training_data
Onye ọrụ ugbo na-achọpụta ọrịa n'osisi.,The farmer detects disease in the plants.,round1_training_data
Ọ na-enwe ahụ ọkụ kemgbe ụbọchị abụọ.,He has had a fever for two days.,round1_training_data
Ndị isi kwesịrị ịrụ ọrụ maka ndị mmadụ.,Leaders should work for the people.,round1_training_data
Ahịhịa na-emebi ihe ọkụkụ.,Weeds damage crops.,round1_training_data
Ọ dị mkpa ịmụta nkà ọhụrụ.,It is important to learn new skills.,round1_training_data
Ọ dịghị ihe mere.,Nothing happened.,round1_training_data
Jisie ike.,Take care.,round1_training_data
Kedu ihe ị na-eme?,What are you doing?,round1_training_data
Ndị mmadụ na-enyere ndị nọ na mkpa aka.,people help one another.,round1_training_data
Ezi ọchịchị na-enyere obodo aka.,Good governance helps the community.,round1_training_data
Ọ wụnyere ngwanrọ nchebe.,He installed security software.,round1_training_data
Ha na-ekpe ekpere maka ezinụlọ ha.,They pray for their family.,round1_training_data
Onye nkuzi guzoro n'ihu klaasị.,The teacher stood in front of the classroom.,round1_training_data
Onye nkuzi kọwara ya ọzọ.,The teacher explained it again.,round1_training_data
Onye ọrịa kwesịrị ịlele ahụike ya.,The patient should check his health.,round1_training_data
Anyị kwesịrị ige ndụmọdụ ndị okenye ntị.,We should listen to elders' advice.,round1_training_data
Ụmụ akwụkwọ na-arụkọ ọrụ ọnụ.,The students work together.,round1_training_data
Nwa akwụkwọ ahụ nwetara akara dị elu.,The student got a high mark.,round1_training_data
Chere ntakịrị.,Wait a moment.,round1_training_data
Ịgwa mmadụ okwu nwere ike inye aka.,Talking to someone can help.,round1_training_data
Akpa ọka ahụ dị arọ.,That bag of maize is heavy.,round1_training_data
Ndị mmadụ bụrụ abụ n'oge ofufe.,People sang during the worship service.,round1_training_data
Ụlọ ọrụ ahụ nwetara uru.,The company made a profit.,round1_training_data
Ndị isi na-eje ozi nye obodo.,Leaders serve the community.,round1_training_data
Ọ zipụrụ faịlụ ahụ.,He sent the file.,round1_training_data
Ahịhịa na-eto ngwa ngwa.,Grass grows quickly.,round1_training_data
Anyị ga-aga n'ihu.,We will move forward.,round1_training_data
Onye ụkọchukwu na-eduzi ofufe.,The priest leads the worship service.,round1_training_data
Akụkọ ndị nna nna dị mkpa.,The stories of ancestors are important.,round1_training_data
Bilie.,Stand up.,round1_training_data
Ọ wuru weebụsaịtị.,He built a website.,round1_training_data
Anyị zutere taa.,We met today.,round1_training_data
Azụmahịa ahụ nwetara nnukwu uru.,The business made a large profit.,round1_training_data
Ọ na-enyere ndị ọzọ aka mgbe niile.,He always helps others.,round1_training_data
Ndị mmadụ gara nzukọ obodo.,The people attended a community meeting.,round1_training_data
Ọ dị mkpa izere ihe ndị na-emebi ahụ.,It is important to avoid things that harm the body.,round1_training_data
Aga m ụlọ akwụkwọ.,I am going to school.,round1_training_data
Ụmụaka kwesịrị ịga ụlọ akwụkwọ.,Children should go to school.,round1_training_data
Ha na-echekwa ihe ubi n'ụlọ nkwakọba ihe.,They store the harvest in a warehouse.,round1_training_data
Agaghị m echefu ya.,I will not forget it.,round1_training_data
Achọrọ m ịmụ ihe.,I want to learn.,round1_training_data
Ọ na-eji ịntanetị kwa ụbọchị.,He uses the internet every day.,round1_training_data
Ụmụaka na-ekpe ekpere tupu ha erie nri.,The children pray before they eat.,round1_training_data
Kọmputa ahụ anaghị arụ ọrụ nke ọma.,the computer is not working.,round1_training_data
Ndị obodo na-akwadebe nri maka ndị ọbịa.,The community prepares food for visitors.,round1_training_data
Enwere m ajụjụ.,I have a question.,round1_training_data
Ọ na-amụ asụsụ mmemme.,He is learning a programming language.,round1_training_data
Emume okpukpe na-ejikọta ezinụlọ ọnụ.,Religious celebrations bring families together.,round1_training_data
Ọ wepụtara ego n'ụlọ akụ.,He withdrew money from the bank.,round1_training_data
Ọtụtụ mmadụ na-ekpe ekpere kwa ụbọchị.,Many people pray every day.,round1_training_data
Onye ahịa jiri ego kwụọ ụgwọ.,The customer paid with cash.,round1_training_data
Ụmụaka nwere ọṅụ n'emume ahụ.,The children enjoyed the celebration.,round1_training_data
Ọrụ ugbo na-enye ọtụtụ mmadụ ọrụ.,Agriculture provides jobs for many people.,round1_training_data
Onye ọrịa kwesịrị ịṅụ ọgwụ n'oge.,The patient should take the medicine on time.,round1_training_data
Aga m aga ugbu a.,I am leaving now.,round1_training_data
Paswọọdụ na-echekwa akaụntụ.,A password protects an account.,round1_training_data
Ọtụtụ ọrịa na-agbasa site na nje.,Many diseases spread through germs.,round1_training_data
Ha rere ọtụtụ ngwaahịa.,They sold many products.,round1_training_data
Ọmụmụ omenala na-enyere ụmụaka aka.,Learning about culture helps children.,round1_training_data
Ụmụ akwụkwọ na-amụ ihe n'ụlọ.,The students study at home.,round1_training_data
Ndị mmadụ na-ezukọ n'ebe ofufe.,People gather at the place of worship.,round1_training_data
Ụlọ ọrụ ahụ na-enye ọrụ dị iche iche.,The company provides different services.,round1_training_data
Ọrịa nwere ike imetụta ezinụlọ.,Illness can affect a family.,round1_training_data
Ndị Igbo na-akwanyere ndị ọbịa ùgwù.,The Igbo people respect visitors.,round1_training_data
Ezinụlọ bụ isi obodo.,The family is the foundation of the community.,round1_training_data
Kpọọ m mgbe ị rutere.,Call me when you arrive.,round1_training_data
Ngwaahịa ahụ rutere n'oge.,The product arrived on time.,round1_training_data
Ụlọ ọrụ ahụ na-ere ngwaahịa.,The company sells products.,round1_training_data
Ụlọ ochie ahụ bụ akụkụ nke akụkọ obodo.,The old building is part of the town's history.,round1_training_data
Ọ dịghị mma.,It is not good.,round1_training_data
Ụzụ na-enyere mmepe obodo aka.,Technology helps community development.,round1_training_data
Ọrịa nwere ike imetụta mmadụ.,Disease can affect a person.,round1_training_data
Ha malitere ọrụ ahụ.,They started the work.,round1_training_data
Onye mebiri iwu nwere ike ịta ahụhụ.,A person who breaks the law may be punished.,round1_training_data
Biko nọdụ ala.,Please sit down.,round1_training_data
Ha na-elekọta anụ ụlọ nke ọma.,They take good care of the livestock.,round1_training_data
Biko.,Please.,round1_training_data
"Mba, achọghị m enyemaka.","No, I do not need help.",round1_training_data
Omume ahụike dị mkpa.,Healthy habits are important.,round1_training_data
Ndị mmadụ na-aga ofufe n'ụtụtụ.,People go to worship in the morning.,round1_training_data
Udo dị mkpa n'obodo.,Peace is important in a community.,round1_training_data
Abalị dị jụụ.,The night is quiet.,round1_training_data
Ehihie ọma.,Good afternoon.,round1_training_data
Nsonaazụ nyocha ahụ dị mma.,The test result is good.,round1_training_data
Ọgụgụ isi mmadụ na-eji data amụta ihe.,Artificial intelligence learns from data.,round1_training_data
Ọ na-eziga ozi site na ekwentị.,He sends messages by phone.,round1_training_data
Mkpụrụ osisi dị mma maka ahụike.,Fruits are good for health.,round1_training_data
Ọ na-ekele Chineke kwa ụbọchị.,He thanks God every day.,round1_training_data
"Ee, enwere m oge.","Yes, I have time.",round1_training_data
Ịṅụ mmanya na-aba n'anya nwere ike imerụ ahụike.,Drinking alcohol can harm health.,round1_training_data
Ụmụ akwụkwọ na-ede ihe.,The students are writing.,round1_training_data
Ebee ka ị nọ?,Where are you?,round1_training_data
Onye ahịa zụtara ngwaahịa ahụ.,The customer bought the product.,round1_training_data
Ọzụzụ na-enyere ndị ntorobịa aka.,Training helps young people.,round1_training_data
Asụsụ na-echekwa akụkọ obodo.,Language preserves the history of a community.,round1_training_data
Gọọmenti na-akwado ahụike ọha.,The government supports public health.,round1_training_data
Ọtụtụ ihe ka anyị nwere ike ime.,There are many things we can do.,round1_training_data
Ụbọ aka bụ otu n'ime ngwá egwu ọdịnala.,The ubo-aka is one of the traditional musical instruments.,round1_training_data
Ị nwere oge taa?,do you have time?,round1_training_data
Aghọtaghị m.,I do not understand.,round1_training_data
Ọ dị mkpa ige ntị na klaasị.,It is important to listen in class.,round1_training_data
Onye mmemme nyochara koodu ahụ.,The programmer checked the code.,round1_training_data
Ndị mmadụ na-akwanyere nkwenkwe ibe ha ùgwù.,People respect one another's beliefs.,round1_training_data
Ngwanrọ ahụ nwere nsogbu.,The software has a problem.,round1_training_data
Ọnụ ahịa ngwaahịa ahụ dị ala.,The price of the product is low.,round1_training_data
Ofufe ahụ were otu awa.,The worship service lasted one hour.,round1_training_data
Nwa akwụkwọ ahụ nwere akwụkwọ.,The student has a book.,round1_training_data
Ama m.,I know.,round1_training_data
Aga m akpọ gị echi.,I will call you tomorrow.,round1_training_data
Ezi omume na-enyere mmadụ na obodo aka.,Good behavior helps both the individual and the community.,round1_training_data
Nwa akwụkwọ ahụ gbaziri akwụkwọ.,The student borrowed a book.,round1_training_data
Ụlọ ọrụ ahụ na-eme mgbasa ozi.,The company advertises.,round1_training_data
Ezinụlọ ya na-akwado ya.,His family supports him.,round1_training_data
Ha ji ọgwụ chebe ihe ọkụkụ.,They used chemicals to protect the crops.,round1_training_data
Ọ na-enweta nkasi obi n'oge nsogbu.,He finds comfort during difficult times.,round1_training_data
Ọ mepere faịlụ ahụ.,He opened the file.,round1_training_data
Mgbasa ozi ahụ dọtara ọtụtụ ndị ahịa.,The advertisement attracted many customers.,round1_training_data
Ka ụbọchị ọma.,Have a good day.,round1_training_data
Ọtụtụ mmadụ na-achọ ndụ dị mma.,Many people seek a good life.,round1_training_data
Gọọmenti na-echekwa gburugburu ebe obibi.,The government protects the environment.,round1_training_data
Ị mehiere.,You are wrong.,round1_training_data
Enwere m olileanya.,I have hope.,round1_training_data
Ije ije bụ ezigbo mmega ahụ.,Walking is good exercise.,round1_training_data
Mmiri ozuzo na-enyere ndị ọrụ ugbo aka.,Rain helps farmers.,round1_training_data
Atụmatụ ahụ bụ maka mmepe obodo.,The plan is for community development.,round1_training_data
Anọ m na-aga ahịa.,I am going to the market.,round1_training_data
Usoro ahụ na-eme ka ọrụ dị ngwa.,The system makes work faster.,round1_training_data
Ndị mmadụ na-achọ udo.,People seek peace.,round1_training_data
Gọọmenti na-akwado agụmakwụkwọ.,The government supports education.,round1_training_data
Anọ m ebe a.,I am here.,round1_training_data
Weebụsaịtị na-enye ozi.,A website provides information.,round1_training_data
Uwe ọdịnala ahụ mara mma.,The traditional clothing is beautiful.,round1_training_data
Gọọmenti na-arụ ọrụ iji meziwanye ndụ.,The government works to improve life.,round1_training_data
Gọọmenti na-enye ọrụ ọha.,The government provides public services.,round1_training_data
Nri dị mma na-enyere ahụike aka.,Healthy food helps health.,round1_training_data
Ha gere okwu ahụ ntị.,They listened to the speech.,round1_training_data
Ndị egwu na-akpọ ngwá egwu.,The musicians play musical instruments.,round1_training_data
Ọ na-arịa isi.,He has a headache.,round1_training_data
Mmiri dị mkpa maka ihe ọkụkụ.,Water is important for crops.,round1_training_data
Ndị mmadụ nwere nkwenkwe dị iche iche.,People have different beliefs.,round1_training_data
Ọtụtụ ndị mmadụ na-adabere n'ọrụ ugbo.,many people depend on farming.,round1_training_data
Ị nwere ike ịgwa m?,Can you tell me?,round1_training_data
Ụlọ ọgwụ ahụ dị nso.,The hospital is nearby.,round1_training_data
Ịmụ ihe dị mkpa.,Learning is important.,round1_training_data
Ana m ahụ ezinụlọ m n'anya.,I love my family.,round1_training_data
Ịmụ koodu chọrọ oge.,Learning to code takes time.,round1_training_data
Gọọmenti na-eme mkpọsa ahụike.,The government conducts health campaigns.,round1_training_data
Ọnụ ahịa ji dara.,The price of yam decreased.,round1_training_data
Akwụkwọ ahụ nwere ọtụtụ nkuzi.,The book contains many teachings.,round1_training_data
Onye ahịa nyere iwu ngwaahịa.,The customer ordered a product.,round1_training_data
A mere m nke ọma.,i am well.,round1_training_data
Onye ụkọchukwu kọrọ ozi ọma.,The priest delivered a sermon.,round1_training_data
Ha nwere ọtụtụ ọkụkọ.,They have many chickens.,round1_training_data
Ụlọ akwụkwọ ọha na-enye agụmakwụkwọ.,Public schools provide education.,round1_training_data
Ụlọ ọgwụ nwere akụrụngwa.,The hospital has equipment.,round1_training_data
Ndị uwe ojii na-arụ ọrụ ha.,The police officers do their work.,round1_training_data
Azụmahịa ahụ na-aga nke ọma.,The business is doing well.,round1_training_data
Ha kwurịtara banyere azụmahịa.,They discussed the business.,round1_training_data
Ụlọ ọrụ ahụ na-enye ọrụ ọha.,The office provides public services.,round1_training_data
Ule ahụ siri ike.,The examination was difficult.,round1_training_data
Ndị nne na nna na-ahọrọ aha ụmụ ha nke ọma.,Parents choose their children's names carefully.,round1_training_data
Ikpe ziri ezi dị mkpa n'obodo.,Justice is important in a community.,round1_training_data
Ọnụ ahịa ngwaahịa ahụ dị elu.,The price of the product is high.,round1_training_data
Ọ dị mkpa idobe gburugburu ebe obibi ọcha.,It is important to keep the environment clean.,round1_training_data
Ọdịnala na-akụziri anyị ihe gbasara ndị nna nna anyị.,Tradition teaches us about our ancestors.,round1_training_data
Gọọmenti na-akwado obere azụmahịa.,The government supports small businesses.,round1_training_data
Ha bufere ngwaahịa ahụ n'ụlọ ahịa.,They transported the product to the shop.,round1_training_data
Emume ahụ gara nke ọma.,The celebration went well.,round1_training_data
Igwefoto ahụ anaghị arụ ọrụ.,The camera is not working.,round1_training_data
Ọ dị mkpa ịkwanyere ndị ọzọ ùgwù.,It is important to respect others.,round1_training_data
Ụlọ akwụkwọ ahụ meghere n'ụtụtụ.,The school opened in the morning.,round1_training_data
Onye ọrụ ahụ nwetara ọrụ ahụ.,The employee got the job.,round1_training_data
Ezinụlọ ahụ mere emume ọnụ.,The family celebrated together.,round1_training_data
Ha na-amụ mgbakọ na mwepụ.,They study mathematics.,round1_training_data
Ndị mmadụ na-agụ akwụkwọ okpukpe.,People read religious books.,round1_training_data
Ọ na-asa aka ya tupu o rie nri.,He washes his hands before eating.,round1_training_data
Nwa akwụkwọ na-agụ akwụkwọ.,The student is reading a book.,round1_training_data
Ọrụ ya dị mma.,His work is good.,round1_training_data
Ngwaahịa ahụ sitere n'obodo ọzọ.,The product came from another city.,round1_training_data
Ngwa kọmputa na-enyere ndị ọrụ aka.,Computer software helps workers.,round1_training_data
Ọ chọrọ ịga mahadum n'ọdịnihu.,he wants to go to university.,round1_training_data
Ndị mmadụ kwesịrị iji teknụzụ mee ihe n'ụzọ ziri ezi.,People should use technology responsibly.,round1_training_data
Ọ na-enwe ihe mgbu n'afọ.,He has stomach pain.,round1_training_data
Aghọtara m.,I understand.,round1_training_data
Ụmụ akwụkwọ nọ na klaasị.,The students are in the classroom.,round1_training_data
Nwa ahụ nwetara ọgwụ mgbochi ọrịa.,The child received a vaccination.,round1_training_data
Atụrụ m egwu.,I am afraid.,round1_training_data
Ọzụzụ na-enyere ndị ọrụ ugbo aka.,Training helps farmers.,round1_training_data
Okpukpe na-akụzi udo.,Religion teaches peace.,round1_training_data
Ahụike uche dịkwa mkpa.,Mental health is also important.,round1_training_data
Abịala ebe a.,Come here.,round1_training_data
Ụlọ ọrụ ahụ na-arụ ọrụ n'obodo dị iche iche.,The company operates in different cities.,round1_training_data
Onye ọrụ ugbo rere ihe ubi ya.,The farmer sold his harvest.,round1_training_data
Ha chọrọ ịmata ihe ndị ahịa chọrọ.,They want to know what customers want.,round1_training_data
Onye nkuzi nyere akara.,The teacher gave marks.,round1_training_data
Ha na-ere nri n'ahịa.,They sell food at the market.,round1_training_data
Gọọmenti kwesịrị ige ndị mmadụ ntị.,The government should listen to the people.,round1_training_data
Ị nwere oge?,Do you have time?,round1_training_data
Ndị nne na nna na-akụziri ụmụ ha nkwenkwe ha.,Parents teach their children their beliefs.,round1_training_data
Ọ masịrị m.,I like it.,round1_training_data
Obere azụmahịa na-enyere ezinụlọ aka.,Small businesses help families.,round1_training_data
Nna m gara ọrụ.,My father went to work.,round1_training_data
Zipụ m ozi.,Send me a message.,round1_training_data
Ị kwuru eziokwu.,You are right.,round1_training_data
Onye ọrụ ugbo zụtara mkpụrụ ọka.,The farmer bought maize seeds.,round1_training_data
Ụlọ akwụkwọ ahụ nwere ọtụtụ klaasị.,The school has many classrooms.,round1_training_data
Nwa akwụkwọ ahụ dara ule ahụ.,The student failed the examination.,round1_training_data
Nna ahụ na-ekpe ekpere kwa ụtụtụ.,The father prays every morning.,round1_training_data
Nri ọdịnala na-egosi akụkọ obodo.,Traditional food reflects the history of a community.,round1_training_data
Ụzọ ọma na-enyere njem aka.,Good roads help transportation.,round1_training_data
Onye nkuzi nyere ndụmọdụ.,The teacher gave advice.,round1_training_data
Ọtụtụ mmadụ na-asụ Igbo n'ụlọ.,Many people speak Igbo at home.,round1_training_data
Ịkekọrịta ihe na-egosi ịhụnanya.,Sharing shows love.,round1_training_data
Nghọta dị mkpa na ọchịchị.,Transparency is important in governance.,round1_training_data
Ọrụ ugbo chọrọ ezigbo atụmatụ.,Farming requires good planning.,round1_training_data
Ọrụ ugbo na-enyere obodo aka ito eto.,Agriculture helps the community develop.,round1_training_data
Ụmụaka nyere nne na nna ha aka n'ubi.,The children helped their parents on the farm.,round1_training_data
Ịchekwa omenala na-enyere ọgbọ na-abịa aka.,Preserving culture helps future generations.,round1_training_data
Ọ na-ehi ụra awa asatọ kwa abalị.,He sleeps for eight hours every night.,round1_training_data
Ndị mmadụ na-arụkọ ọrụ ọnụ.,People work together.,round1_training_data
Ọrịa shuga chọrọ nlekọta mgbe niile.,Diabetes requires regular care.,round1_training_data
Ndị mmadụ nyere ndụmọdụ.,The people gave advice.,round1_training_data
Ịnabata ọbịa bụ omenala dị mkpa.,Welcoming visitors is an important tradition.,round1_training_data
Aha ahụ nwere ihe ọ pụtara.,The name has a meaning.,round1_training_data
Ịrụkọ ọrụ ọnụ na-eweta mmepe.,Working together brings development.,round1_training_data
Ọ dịghị mma ịṅụ ọgwụ n'enweghị ndụmọdụ.,It is not good to take medicine without advice.,round1_training_data
Ekwentị bụ ngwaọrụ a na-ejikarị eme ihe.,A phone is a commonly used device.,round1_training_data
Ụmụaka na-egwu egwu.,The children are playing.,round1_training_data
Ọ dị mkpa imelite ngwanrọ.,It is important to update software.,round1_training_data
Uwe ọdịnala na-egosi omenala mmadụ.,Traditional clothing shows a person's culture.,round1_training_data
Ọ na-arụ ọrụ nwa oge.,He works part time.,round1_training_data
Abịa m ugbu a.,I am coming now.,round1_training_data
Onye njikwa nwere nzukọ.,The manager has a meeting.,round1_training_data
Mahadum ahụ nwere ọtụtụ ụmụ akwụkwọ.,The university has many students.,round1_training_data
Onye ọrụ ugbo debere mkpụrụ n'ebe nchekwa.,The farmer stored the seeds in a safe place.,round1_training_data
Nne m nọ n'ụlọ.,My mother is at home.,round1_training_data
Ọrụ ugbo chọrọ ndidi na ike.,farming requires patience.,iterative_back_translation_round_2
Onye ọrụ ugbo gara ahịa ree ihe ubi ya.,the farmer went to the market.,iterative_back_translation_round_2
Ahịa ngwaahịa ahụ dị elu taa.,the price of the product is high.,iterative_back_translation_round_2
Ndị okenye na-akụziri ụmụaka omenala.,children learn their culture.,iterative_back_translation_round_2
Asụsụ bụ akụkụ dị mkpa nke omenala.,tradition is an important part of culture.,iterative_back_translation_round_2
Ebee ka ị na-aga?,where are you?,iterative_back_translation_round_2
Biko nyere m aka.,please help me.,iterative_back_translation_round_2
Amaghị m azịza ya.,i do not know.,iterative_back_translation_round_2
Ka anyị gaa ọnụ.,let us go.,iterative_back_translation_round_2
Kpọọ m mgbe ị rutere.,call me when you arrive.,iterative_back_translation_round_2
Ụmụ akwụkwọ na-amụ ihe n'ụlọ akwụkwọ.,the students study at home.,iterative_back_translation_round_2
Onye nkuzi nyere ụmụ akwụkwọ ọrụ ụlọ.,the teacher gave them homework.,iterative_back_translation_round_2
Ụbọchị taa dị ọkụ.,it is hot today.,iterative_back_translation_round_2
Ọtụtụ ụmụaka na-egwu bọl.,the children are playing.,iterative_back_translation_round_2
Nne na nna ya nọ n'ụlọ.,the mother is at home.,iterative_back_translation_round_2
Iwu ọhụrụ malitere ịrụ ọrụ.,the new law came into effect.,iterative_back_translation_round_2
Gọọmenti na-akwado agụmakwụkwọ.,the government supports education.,iterative_back_translation_round_2
Ahụ ike dị mkpa maka mmadụ niile.,the company is important for community.,iterative_back_translation_round_2
Dọkịta nyochara onye ọrịa ahụ.,the doctor examines the patient.,iterative_back_translation_round_2
Ịsa aka na-enyere aka igbochi ọrịa.,cleanliness helps prevent germs.,iterative_back_translation_round_2
Ọ na-enwe mgbu n'afọ.,he has pain in his body.,iterative_back_translation_round_2
Ha na-ekpe ekpere maka ezinụlọ ha.,they pray for their family.,iterative_back_translation_round_2
Ndị mmadụ na-ege ntị n'okwu onye ndu.,the people listened to the speech.,iterative_back_translation_round_2
Ndị mmadụ gbakọtara n'udo.,people seek peace.,iterative_back_translation_round_2
Onye mmemme na-ede koodu ọhụrụ.,the programmer writes code.,iterative_back_translation_round_2
Onye mmemme chọtara njehie na koodu ahụ.,the programmer fixed the error.,iterative_back_translation_round_2
Ọ mụtara asụsụ mmemme ọhụrụ.,he learned something new.,iterative_back_translation_round_2
